research_domain,kernel_label,method,status,claim_ceiling,theory_dependent,simulation_only,supported_data
CLINICAL_DEVELOPMENTAL,Clinical & developmental heterogeneity,CAUSAL_FOREST_HTE,ANCHOR,MODERATE_TRIANGULATED_CAUSAL_EVIDENCE,False,False,CROSS_SECTIONAL;LONGITUDINAL
CLINICAL_DEVELOPMENTAL,Clinical & developmental heterogeneity,MEASUREMENT_INVARIANCE,ANCHOR,DESCRIPTIVE_EVIDENCE_ONLY,False,False,CROSS_SECTIONAL;LONGITUDINAL
CLINICAL_DEVELOPMENTAL,Clinical & developmental heterogeneity,SEQUENCE_ANALYSIS,ANCHOR,DESCRIPTIVE_EVIDENCE_ONLY,False,False,EVENT_TIME;LONGITUDINAL
CLINICAL_DEVELOPMENTAL,Clinical & developmental heterogeneity,SURVIVAL_EVENT_HISTORY,ANCHOR,ASSOCIATION_OBSERVED,False,False,EVENT_TIME;LONGITUDINAL
CLINICAL_DEVELOPMENTAL,Clinical & developmental heterogeneity,ACTIVE_LEARNING_DATA_ACQUISITION,COMPATIBLE_CANDIDATE,DESCRIPTIVE_EVIDENCE_ONLY,False,True,MULTIMODAL
CLINICAL_DEVELOPMENTAL,Clinical & developmental heterogeneity,AGENT_BASED_SIMULATION,COMPATIBLE_CANDIDATE,DESCRIPTIVE_EVIDENCE_ONLY,False,True,MULTIMODAL;NETWORK
CLINICAL_DEVELOPMENTAL,Clinical & developmental heterogeneity,BAYESIAN_EVIDENCE_SYNTHESIS,COMPATIBLE_CANDIDATE,MODERATE_TRIANGULATED_CAUSAL_EVIDENCE,False,False,MULTIMODAL
CLINICAL_DEVELOPMENTAL,Clinical & developmental heterogeneity,BAYESIAN_MODEL_AVERAGING,COMPATIBLE_CANDIDATE,ASSOCIATION_OBSERVED,False,False,CROSS_SECTIONAL;LONGITUDINAL;PANEL
CLINICAL_DEVELOPMENTAL,Clinical & developmental heterogeneity,BLIND_ANALYSIS,COMPATIBLE_CANDIDATE,DESCRIPTIVE_EVIDENCE_ONLY,False,False,MULTIMODAL
CLINICAL_DEVELOPMENTAL,Clinical & developmental heterogeneity,CALIBRATION_WEIGHTING_SURVEY,COMPATIBLE_CANDIDATE,ASSOCIATION_OBSERVED,False,False,CROSS_SECTIONAL;LONGITUDINAL;SURVEY
CLINICAL_DEVELOPMENTAL,Clinical & developmental heterogeneity,CAUSAL_DISCOVERY_HYPOTHESIS_GENERATION,COMPATIBLE_CANDIDATE,DESCRIPTIVE_EVIDENCE_ONLY,False,False,CROSS_SECTIONAL;LONGITUDINAL;TIME_SERIES
CLINICAL_DEVELOPMENTAL,Clinical & developmental heterogeneity,CAUSAL_MEDIATION_INTERVENTIONAL_EFFECTS,COMPATIBLE_CANDIDATE,MODERATE_TRIANGULATED_CAUSAL_EVIDENCE,False,False,LONGITUDINAL
CLINICAL_DEVELOPMENTAL,Clinical & developmental heterogeneity,CLUSTERING_DISCOVERY_ONLY,COMPATIBLE_CANDIDATE,DESCRIPTIVE_EVIDENCE_ONLY,False,False,CROSS_SECTIONAL;MULTIMODAL
CLINICAL_DEVELOPMENTAL,Clinical & developmental heterogeneity,COMPETING_RISKS_MULTISTATE,COMPATIBLE_CANDIDATE,ASSOCIATION_OBSERVED,False,False,EVENT_TIME;LONGITUDINAL
CLINICAL_DEVELOPMENTAL,Clinical & developmental heterogeneity,CONTRIBUTION_ANALYSIS,COMPATIBLE_CANDIDATE,ASSOCIATION_OBSERVED,False,False,ARCHIVAL;MULTIMODAL
CLINICAL_DEVELOPMENTAL,Clinical & developmental heterogeneity,CROSSOVER_RANDOMISED,COMPATIBLE_CANDIDATE,MODERATE_TRIANGULATED_CAUSAL_EVIDENCE,False,False,EXPERIMENTAL;REPEATED_MEASURES
CLINICAL_DEVELOPMENTAL,Clinical & developmental heterogeneity,CROSS_METHOD_TRIANGULATION,COMPATIBLE_CANDIDATE,MODERATE_TRIANGULATED_CAUSAL_EVIDENCE,False,False,ARCHIVAL;BIBLIOMETRIC;CONVERSATION;CROSS_SECTIONAL;EVENT_TIME;HIERARCHICAL;INTERVIEW;LONGITUDINAL;MULTIMODAL;NETWORK;PANEL;REPEATED_MEASURES;SPATIAL;TEXT_CORPUS;TIME_SERIES
CLINICAL_DEVELOPMENTAL,Clinical & developmental heterogeneity,DAG_MODEL_CRITICISM,COMPATIBLE_CANDIDATE,ASSOCIATION_OBSERVED,False,False,MULTIMODAL
CLINICAL_DEVELOPMENTAL,Clinical & developmental heterogeneity,DECISION_CURVE_ANALYSIS,COMPATIBLE_CANDIDATE,DESCRIPTIVE_EVIDENCE_ONLY,False,False,CROSS_SECTIONAL;LONGITUDINAL
CLINICAL_DEVELOPMENTAL,Clinical & developmental heterogeneity,DIFFUSION_CASCADE_ANALYSIS,COMPATIBLE_CANDIDATE,ASSOCIATION_OBSERVED,False,False,EVENT_TIME;NETWORK
PSYCHIATRIC_PSYCHOLOGICAL,Psychiatric & psychological formulation,DYNAMIC_STRUCTURAL_EQUATION_MODEL,ANCHOR,ASSOCIATION_OBSERVED,False,False,LONGITUDINAL;REPEATED_MEASURES
PSYCHIATRIC_PSYCHOLOGICAL,Psychiatric & psychological formulation,NARRATIVE_ANALYSIS,ANCHOR,DESCRIPTIVE_EVIDENCE_ONLY,True,False,INTERVIEW;TEXT_CORPUS
PSYCHIATRIC_PSYCHOLOGICAL,Psychiatric & psychological formulation,PSYCHODYNAMIC_FORMULATION,ANCHOR,DESCRIPTIVE_EVIDENCE_ONLY,True,False,ARCHIVAL;INTERVIEW
PSYCHIATRIC_PSYCHOLOGICAL,Psychiatric & psychological formulation,STRUCTURAL_EQUATION_MODEL,ANCHOR,ASSOCIATION_OBSERVED,False,False,CROSS_SECTIONAL;LONGITUDINAL
PSYCHIATRIC_PSYCHOLOGICAL,Psychiatric & psychological formulation,ACTIVE_LEARNING_DATA_ACQUISITION,COMPATIBLE_CANDIDATE,DESCRIPTIVE_EVIDENCE_ONLY,False,True,MULTIMODAL
PSYCHIATRIC_PSYCHOLOGICAL,Psychiatric & psychological formulation,AGENT_BASED_SIMULATION,COMPATIBLE_CANDIDATE,DESCRIPTIVE_EVIDENCE_ONLY,False,True,MULTIMODAL;NETWORK
PSYCHIATRIC_PSYCHOLOGICAL,Psychiatric & psychological formulation,BAYESIAN_EVIDENCE_SYNTHESIS,COMPATIBLE_CANDIDATE,MODERATE_TRIANGULATED_CAUSAL_EVIDENCE,False,False,MULTIMODAL
PSYCHIATRIC_PSYCHOLOGICAL,Psychiatric & psychological formulation,BAYESIAN_MODEL_AVERAGING,COMPATIBLE_CANDIDATE,ASSOCIATION_OBSERVED,False,False,CROSS_SECTIONAL;LONGITUDINAL;PANEL
PSYCHIATRIC_PSYCHOLOGICAL,Psychiatric & psychological formulation,BLIND_ANALYSIS,COMPATIBLE_CANDIDATE,DESCRIPTIVE_EVIDENCE_ONLY,False,False,MULTIMODAL
PSYCHIATRIC_PSYCHOLOGICAL,Psychiatric & psychological formulation,CALIBRATION_WEIGHTING_SURVEY,COMPATIBLE_CANDIDATE,ASSOCIATION_OBSERVED,False,False,CROSS_SECTIONAL;LONGITUDINAL;SURVEY
PSYCHIATRIC_PSYCHOLOGICAL,Psychiatric & psychological formulation,CAUSAL_DISCOVERY_HYPOTHESIS_GENERATION,COMPATIBLE_CANDIDATE,DESCRIPTIVE_EVIDENCE_ONLY,False,False,CROSS_SECTIONAL;LONGITUDINAL;TIME_SERIES
PSYCHIATRIC_PSYCHOLOGICAL,Psychiatric & psychological formulation,CAUSAL_FOREST_HTE,COMPATIBLE_CANDIDATE,MODERATE_TRIANGULATED_CAUSAL_EVIDENCE,False,False,CROSS_SECTIONAL;LONGITUDINAL
PSYCHIATRIC_PSYCHOLOGICAL,Psychiatric & psychological formulation,CAUSAL_MEDIATION_INTERVENTIONAL_EFFECTS,COMPATIBLE_CANDIDATE,MODERATE_TRIANGULATED_CAUSAL_EVIDENCE,False,False,LONGITUDINAL
PSYCHIATRIC_PSYCHOLOGICAL,Psychiatric & psychological formulation,CLUSTERING_DISCOVERY_ONLY,COMPATIBLE_CANDIDATE,DESCRIPTIVE_EVIDENCE_ONLY,False,False,CROSS_SECTIONAL;MULTIMODAL
PSYCHIATRIC_PSYCHOLOGICAL,Psychiatric & psychological formulation,COMPETING_RISKS_MULTISTATE,COMPATIBLE_CANDIDATE,ASSOCIATION_OBSERVED,False,False,EVENT_TIME;LONGITUDINAL
PSYCHIATRIC_PSYCHOLOGICAL,Psychiatric & psychological formulation,CONTRIBUTION_ANALYSIS,COMPATIBLE_CANDIDATE,ASSOCIATION_OBSERVED,False,False,ARCHIVAL;MULTIMODAL
PSYCHIATRIC_PSYCHOLOGICAL,Psychiatric & psychological formulation,CROSSOVER_RANDOMISED,COMPATIBLE_CANDIDATE,MODERATE_TRIANGULATED_CAUSAL_EVIDENCE,False,False,EXPERIMENTAL;REPEATED_MEASURES
PSYCHIATRIC_PSYCHOLOGICAL,Psychiatric & psychological formulation,CROSS_METHOD_TRIANGULATION,COMPATIBLE_CANDIDATE,MODERATE_TRIANGULATED_CAUSAL_EVIDENCE,False,False,ARCHIVAL;BIBLIOMETRIC;CONVERSATION;CROSS_SECTIONAL;EVENT_TIME;HIERARCHICAL;INTERVIEW;LONGITUDINAL;MULTIMODAL;NETWORK;PANEL;REPEATED_MEASURES;SPATIAL;TEXT_CORPUS;TIME_SERIES
PSYCHIATRIC_PSYCHOLOGICAL,Psychiatric & psychological formulation,DAG_MODEL_CRITICISM,COMPATIBLE_CANDIDATE,ASSOCIATION_OBSERVED,False,False,MULTIMODAL
PSYCHIATRIC_PSYCHOLOGICAL,Psychiatric & psychological formulation,DECISION_CURVE_ANALYSIS,COMPATIBLE_CANDIDATE,DESCRIPTIVE_EVIDENCE_ONLY,False,False,CROSS_SECTIONAL;LONGITUDINAL
ACADEMIC_EPISTEMIC,Academic epistemic production & diffusion,BIBLIOMETRIC_NETWORK_ANALYSIS,ANCHOR,DESCRIPTIVE_EVIDENCE_ONLY,False,False,BIBLIOMETRIC;NETWORK
ACADEMIC_EPISTEMIC,Academic epistemic production & diffusion,CITATION_LINEAGE_DEPENDENCY,ANCHOR,DESCRIPTIVE_EVIDENCE_ONLY,False,False,BIBLIOMETRIC;NETWORK
ACADEMIC_EPISTEMIC,Academic epistemic production & diffusion,PUBLICATION_SELECTION_MODEL,ANCHOR,ASSOCIATION_OBSERVED,False,False,BIBLIOMETRIC;MULTIMODAL
ACADEMIC_EPISTEMIC,Academic epistemic production & diffusion,RANDOMISED_AB_TEST,ANCHOR,STRONG_REPLICATED_CAUSAL_EVIDENCE,False,False,EXPERIMENTAL
ACADEMIC_EPISTEMIC,Academic epistemic production & diffusion,REGISTRY_PUBLICATION_COMPARISON,ANCHOR,DESCRIPTIVE_EVIDENCE_ONLY,False,False,ARCHIVAL;BIBLIOMETRIC
ACADEMIC_EPISTEMIC,Academic epistemic production & diffusion,ACTIVE_LEARNING_DATA_ACQUISITION,COMPATIBLE_CANDIDATE,DESCRIPTIVE_EVIDENCE_ONLY,False,True,MULTIMODAL
ACADEMIC_EPISTEMIC,Academic epistemic production & diffusion,ADAPTIVE_RANDOMISED_DESIGN,COMPATIBLE_CANDIDATE,MODERATE_TRIANGULATED_CAUSAL_EVIDENCE,False,False,EXPERIMENTAL
ACADEMIC_EPISTEMIC,Academic epistemic production & diffusion,AGENT_BASED_SIMULATION,COMPATIBLE_CANDIDATE,DESCRIPTIVE_EVIDENCE_ONLY,False,True,MULTIMODAL;NETWORK
ACADEMIC_EPISTEMIC,Academic epistemic production & diffusion,BAYESIAN_EVIDENCE_SYNTHESIS,COMPATIBLE_CANDIDATE,MODERATE_TRIANGULATED_CAUSAL_EVIDENCE,False,False,MULTIMODAL
ACADEMIC_EPISTEMIC,Academic epistemic production & diffusion,BLIND_ANALYSIS,COMPATIBLE_CANDIDATE,DESCRIPTIVE_EVIDENCE_ONLY,False,False,MULTIMODAL
ACADEMIC_EPISTEMIC,Academic epistemic production & diffusion,CLUSTERING_DISCOVERY_ONLY,COMPATIBLE_CANDIDATE,DESCRIPTIVE_EVIDENCE_ONLY,False,False,CROSS_SECTIONAL;MULTIMODAL
ACADEMIC_EPISTEMIC,Academic epistemic production & diffusion,CLUSTER_RANDOMISED,COMPATIBLE_CANDIDATE,STRONG_REPLICATED_CAUSAL_EVIDENCE,False,False,EXPERIMENTAL;HIERARCHICAL
ACADEMIC_EPISTEMIC,Academic epistemic production & diffusion,CONTRIBUTION_ANALYSIS,COMPATIBLE_CANDIDATE,ASSOCIATION_OBSERVED,False,False,ARCHIVAL;MULTIMODAL
ACADEMIC_EPISTEMIC,Academic epistemic production & diffusion,CROSSOVER_RANDOMISED,COMPATIBLE_CANDIDATE,MODERATE_TRIANGULATED_CAUSAL_EVIDENCE,False,False,EXPERIMENTAL;REPEATED_MEASURES
ACADEMIC_EPISTEMIC,Academic epistemic production & diffusion,CROSS_METHOD_TRIANGULATION,COMPATIBLE_CANDIDATE,MODERATE_TRIANGULATED_CAUSAL_EVIDENCE,False,False,ARCHIVAL;BIBLIOMETRIC;CONVERSATION;CROSS_SECTIONAL;EVENT_TIME;HIERARCHICAL;INTERVIEW;LONGITUDINAL;MULTIMODAL;NETWORK;PANEL;REPEATED_MEASURES;SPATIAL;TEXT_CORPUS;TIME_SERIES
ACADEMIC_EPISTEMIC,Academic epistemic production & diffusion,DAG_MODEL_CRITICISM,COMPATIBLE_CANDIDATE,ASSOCIATION_OBSERVED,False,False,MULTIMODAL
ACADEMIC_EPISTEMIC,Academic epistemic production & diffusion,EQUIVALENCE_NONINFERIORITY,COMPATIBLE_CANDIDATE,ASSOCIATION_OBSERVED,False,False,CROSS_SECTIONAL;EXPERIMENTAL;LONGITUDINAL
ACADEMIC_EPISTEMIC,Academic epistemic production & diffusion,FACTORIAL_RANDOMISED,COMPATIBLE_CANDIDATE,STRONG_REPLICATED_CAUSAL_EVIDENCE,False,False,EXPERIMENTAL
ACADEMIC_EPISTEMIC,Academic epistemic production & diffusion,FRAME_ANALYSIS,COMPATIBLE_CANDIDATE,DESCRIPTIVE_EVIDENCE_ONLY,True,False,ARCHIVAL;TEXT_CORPUS
ACADEMIC_EPISTEMIC,Academic epistemic production & diffusion,GROUP_SEQUENTIAL_DESIGN,COMPATIBLE_CANDIDATE,MODERATE_TRIANGULATED_CAUSAL_EVIDENCE,False,False,EXPERIMENTAL
HISTORICAL_NOSOLOGY,Historical psychiatry & nosology,CHANGE_POINT_DETECTION,ANCHOR,DESCRIPTIVE_EVIDENCE_ONLY,False,False,TEXT_CORPUS;TIME_SERIES
HISTORICAL_NOSOLOGY,Historical psychiatry & nosology,DIACHRONIC_SEMANTIC_ANALYSIS,ANCHOR,DESCRIPTIVE_EVIDENCE_ONLY,False,False,TEXT_CORPUS
HISTORICAL_NOSOLOGY,Historical psychiatry & nosology,HISTORICAL_INSTITUTIONAL_CHANGE,ANCHOR,DESCRIPTIVE_EVIDENCE_ONLY,False,False,ARCHIVAL;TEXT_CORPUS
HISTORICAL_NOSOLOGY,Historical psychiatry & nosology,PROCESS_TRACING,ANCHOR,ASSOCIATION_OBSERVED,False,False,ARCHIVAL;INTERVIEW;TEXT_CORPUS
HISTORICAL_NOSOLOGY,Historical psychiatry & nosology,ACTIVE_LEARNING_DATA_ACQUISITION,COMPATIBLE_CANDIDATE,DESCRIPTIVE_EVIDENCE_ONLY,False,True,MULTIMODAL
HISTORICAL_NOSOLOGY,Historical psychiatry & nosology,AGENT_BASED_SIMULATION,COMPATIBLE_CANDIDATE,DESCRIPTIVE_EVIDENCE_ONLY,False,True,MULTIMODAL;NETWORK
HISTORICAL_NOSOLOGY,Historical psychiatry & nosology,AGE_PERIOD_COHORT,COMPATIBLE_CANDIDATE,DESCRIPTIVE_EVIDENCE_ONLY,False,False,PANEL;TIME_SERIES
HISTORICAL_NOSOLOGY,Historical psychiatry & nosology,ARGUMENTATION_ANALYSIS,COMPATIBLE_CANDIDATE,DESCRIPTIVE_EVIDENCE_ONLY,False,False,CONVERSATION;TEXT_CORPUS
HISTORICAL_NOSOLOGY,Historical psychiatry & nosology,BAYESIAN_EVIDENCE_SYNTHESIS,COMPATIBLE_CANDIDATE,MODERATE_TRIANGULATED_CAUSAL_EVIDENCE,False,False,MULTIMODAL
HISTORICAL_NOSOLOGY,Historical psychiatry & nosology,BLIND_ANALYSIS,COMPATIBLE_CANDIDATE,DESCRIPTIVE_EVIDENCE_ONLY,False,False,MULTIMODAL
HISTORICAL_NOSOLOGY,Historical psychiatry & nosology,CAUSAL_DISCOVERY_HYPOTHESIS_GENERATION,COMPATIBLE_CANDIDATE,DESCRIPTIVE_EVIDENCE_ONLY,False,False,CROSS_SECTIONAL;LONGITUDINAL;TIME_SERIES
HISTORICAL_NOSOLOGY,Historical psychiatry & nosology,CLUSTERING_DISCOVERY_ONLY,COMPATIBLE_CANDIDATE,DESCRIPTIVE_EVIDENCE_ONLY,False,False,CROSS_SECTIONAL;MULTIMODAL
HISTORICAL_NOSOLOGY,Historical psychiatry & nosology,CONTRIBUTION_ANALYSIS,COMPATIBLE_CANDIDATE,ASSOCIATION_OBSERVED,False,False,ARCHIVAL;MULTIMODAL
HISTORICAL_NOSOLOGY,Historical psychiatry & nosology,CORPUS_LINGUISTICS,COMPATIBLE_CANDIDATE,DESCRIPTIVE_EVIDENCE_ONLY,False,False,TEXT_CORPUS
HISTORICAL_NOSOLOGY,Historical psychiatry & nosology,CRITICAL_DISCOURSE_ANALYSIS,COMPATIBLE_CANDIDATE,DESCRIPTIVE_EVIDENCE_ONLY,True,False,CONVERSATION;TEXT_CORPUS
HISTORICAL_NOSOLOGY,Historical psychiatry & nosology,CROSS_METHOD_TRIANGULATION,COMPATIBLE_CANDIDATE,MODERATE_TRIANGULATED_CAUSAL_EVIDENCE,False,False,ARCHIVAL;BIBLIOMETRIC;CONVERSATION;CROSS_SECTIONAL;EVENT_TIME;HIERARCHICAL;INTERVIEW;LONGITUDINAL;MULTIMODAL;NETWORK;PANEL;REPEATED_MEASURES;SPATIAL;TEXT_CORPUS;TIME_SERIES
HISTORICAL_NOSOLOGY,Historical psychiatry & nosology,DAG_MODEL_CRITICISM,COMPATIBLE_CANDIDATE,ASSOCIATION_OBSERVED,False,False,MULTIMODAL
HISTORICAL_NOSOLOGY,Historical psychiatry & nosology,DIFFERENCE_IN_DIFFERENCES,COMPATIBLE_CANDIDATE,MODERATE_TRIANGULATED_CAUSAL_EVIDENCE,False,False,PANEL;TIME_SERIES
HISTORICAL_NOSOLOGY,Historical psychiatry & nosology,DISCOURSE_ANALYSIS,COMPATIBLE_CANDIDATE,DESCRIPTIVE_EVIDENCE_ONLY,True,False,CONVERSATION;TEXT_CORPUS
HISTORICAL_NOSOLOGY,Historical psychiatry & nosology,DISTRIBUTED_LAG_TIME_VARYING_EFFECT,COMPATIBLE_CANDIDATE,ASSOCIATION_OBSERVED,False,False,LONGITUDINAL;TIME_SERIES
EDUCATION_POLICY,Education policy & school environment,DIFFERENCE_IN_DIFFERENCES,ANCHOR,MODERATE_TRIANGULATED_CAUSAL_EVIDENCE,False,False,PANEL;TIME_SERIES
EDUCATION_POLICY,Education policy & school environment,EVENT_STUDY,ANCHOR,MODERATE_TRIANGULATED_CAUSAL_EVIDENCE,False,False,PANEL;TIME_SERIES
EDUCATION_POLICY,Education policy & school environment,INTERRUPTED_TIME_SERIES,ANCHOR,MODERATE_TRIANGULATED_CAUSAL_EVIDENCE,False,False,TIME_SERIES
EDUCATION_POLICY,Education policy & school environment,MULTILEVEL_HIERARCHICAL_MODEL,ANCHOR,ASSOCIATION_OBSERVED,False,False,HIERARCHICAL;LONGITUDINAL;PANEL
EDUCATION_POLICY,Education policy & school environment,ACTIVE_LEARNING_DATA_ACQUISITION,COMPATIBLE_CANDIDATE,DESCRIPTIVE_EVIDENCE_ONLY,False,True,MULTIMODAL
EDUCATION_POLICY,Education policy & school environment,AGENT_BASED_SIMULATION,COMPATIBLE_CANDIDATE,DESCRIPTIVE_EVIDENCE_ONLY,False,True,MULTIMODAL;NETWORK
EDUCATION_POLICY,Education policy & school environment,AGE_PERIOD_COHORT,COMPATIBLE_CANDIDATE,DESCRIPTIVE_EVIDENCE_ONLY,False,False,PANEL;TIME_SERIES
EDUCATION_POLICY,Education policy & school environment,BAYESIAN_EVIDENCE_SYNTHESIS,COMPATIBLE_CANDIDATE,MODERATE_TRIANGULATED_CAUSAL_EVIDENCE,False,False,MULTIMODAL
EDUCATION_POLICY,Education policy & school environment,BAYESIAN_MODEL_AVERAGING,COMPATIBLE_CANDIDATE,ASSOCIATION_OBSERVED,False,False,CROSS_SECTIONAL;LONGITUDINAL;PANEL
EDUCATION_POLICY,Education policy & school environment,BLIND_ANALYSIS,COMPATIBLE_CANDIDATE,DESCRIPTIVE_EVIDENCE_ONLY,False,False,MULTIMODAL
EDUCATION_POLICY,Education policy & school environment,CAUSAL_DISCOVERY_HYPOTHESIS_GENERATION,COMPATIBLE_CANDIDATE,DESCRIPTIVE_EVIDENCE_ONLY,False,False,CROSS_SECTIONAL;LONGITUDINAL;TIME_SERIES
EDUCATION_POLICY,Education policy & school environment,CHANGE_POINT_DETECTION,COMPATIBLE_CANDIDATE,DESCRIPTIVE_EVIDENCE_ONLY,False,False,TEXT_CORPUS;TIME_SERIES
EDUCATION_POLICY,Education policy & school environment,CLUSTERING_DISCOVERY_ONLY,COMPATIBLE_CANDIDATE,DESCRIPTIVE_EVIDENCE_ONLY,False,False,CROSS_SECTIONAL;MULTIMODAL
EDUCATION_POLICY,Education policy & school environment,CLUSTER_RANDOMISED,COMPATIBLE_CANDIDATE,STRONG_REPLICATED_CAUSAL_EVIDENCE,False,False,EXPERIMENTAL;HIERARCHICAL
EDUCATION_POLICY,Education policy & school environment,CONTRIBUTION_ANALYSIS,COMPATIBLE_CANDIDATE,ASSOCIATION_OBSERVED,False,False,ARCHIVAL;MULTIMODAL
EDUCATION_POLICY,Education policy & school environment,CROSS_METHOD_TRIANGULATION,COMPATIBLE_CANDIDATE,MODERATE_TRIANGULATED_CAUSAL_EVIDENCE,False,False,ARCHIVAL;BIBLIOMETRIC;CONVERSATION;CROSS_SECTIONAL;EVENT_TIME;HIERARCHICAL;INTERVIEW;LONGITUDINAL;MULTIMODAL;NETWORK;PANEL;REPEATED_MEASURES;SPATIAL;TEXT_CORPUS;TIME_SERIES
EDUCATION_POLICY,Education policy & school environment,DAG_MODEL_CRITICISM,COMPATIBLE_CANDIDATE,ASSOCIATION_OBSERVED,False,False,MULTIMODAL
EDUCATION_POLICY,Education policy & school environment,DIFFERENTIAL_ITEM_FUNCTIONING,COMPATIBLE_CANDIDATE,DESCRIPTIVE_EVIDENCE_ONLY,False,False,CROSS_SECTIONAL;HIERARCHICAL
EDUCATION_POLICY,Education policy & school environment,DISTRIBUTED_LAG_TIME_VARYING_EFFECT,COMPATIBLE_CANDIDATE,ASSOCIATION_OBSERVED,False,False,LONGITUDINAL;TIME_SERIES
EDUCATION_POLICY,Education policy & school environment,GENERALISED_ADDITIVE_NONLINEAR,COMPATIBLE_CANDIDATE,ASSOCIATION_OBSERVED,False,False,CROSS_SECTIONAL;LONGITUDINAL;TIME_SERIES
DIGITAL_MEDIA_PEER,"Digital, media & peer influence",DIFFUSION_CASCADE_ANALYSIS,ANCHOR,ASSOCIATION_OBSERVED,False,False,EVENT_TIME;NETWORK
DIGITAL_MEDIA_PEER,"Digital, media & peer influence",G_METHODS,ANCHOR,MODERATE_TRIANGULATED_CAUSAL_EVIDENCE,False,False,LONGITUDINAL;REPEATED_MEASURES
DIGITAL_MEDIA_PEER,"Digital, media & peer influence",SOCIAL_NETWORK_ANALYSIS,ANCHOR,DESCRIPTIVE_EVIDENCE_ONLY,False,False,NETWORK
DIGITAL_MEDIA_PEER,"Digital, media & peer influence",STOCHASTIC_ACTOR_ORIENTED_MODEL,ANCHOR,ASSOCIATION_OBSERVED,False,False,LONGITUDINAL;NETWORK
DIGITAL_MEDIA_PEER,"Digital, media & peer influence",ACTIVE_LEARNING_DATA_ACQUISITION,COMPATIBLE_CANDIDATE,DESCRIPTIVE_EVIDENCE_ONLY,False,True,MULTIMODAL
DIGITAL_MEDIA_PEER,"Digital, media & peer influence",AGENT_BASED_SIMULATION,COMPATIBLE_CANDIDATE,DESCRIPTIVE_EVIDENCE_ONLY,False,True,MULTIMODAL;NETWORK
DIGITAL_MEDIA_PEER,"Digital, media & peer influence",AGE_PERIOD_COHORT,COMPATIBLE_CANDIDATE,DESCRIPTIVE_EVIDENCE_ONLY,False,False,PANEL;TIME_SERIES
DIGITAL_MEDIA_PEER,"Digital, media & peer influence",BAYESIAN_EVIDENCE_SYNTHESIS,COMPATIBLE_CANDIDATE,MODERATE_TRIANGULATED_CAUSAL_EVIDENCE,False,False,MULTIMODAL
DIGITAL_MEDIA_PEER,"Digital, media & peer influence",BAYESIAN_MODEL_AVERAGING,COMPATIBLE_CANDIDATE,ASSOCIATION_OBSERVED,False,False,CROSS_SECTIONAL;LONGITUDINAL;PANEL
DIGITAL_MEDIA_PEER,"Digital, media & peer influence",BIBLIOMETRIC_NETWORK_ANALYSIS,COMPATIBLE_CANDIDATE,DESCRIPTIVE_EVIDENCE_ONLY,False,False,BIBLIOMETRIC;NETWORK
DIGITAL_MEDIA_PEER,"Digital, media & peer influence",BLIND_ANALYSIS,COMPATIBLE_CANDIDATE,DESCRIPTIVE_EVIDENCE_ONLY,False,False,MULTIMODAL
DIGITAL_MEDIA_PEER,"Digital, media & peer influence",CALIBRATION_WEIGHTING_SURVEY,COMPATIBLE_CANDIDATE,ASSOCIATION_OBSERVED,False,False,CROSS_SECTIONAL;LONGITUDINAL;SURVEY
DIGITAL_MEDIA_PEER,"Digital, media & peer influence",CAUSAL_DISCOVERY_HYPOTHESIS_GENERATION,COMPATIBLE_CANDIDATE,DESCRIPTIVE_EVIDENCE_ONLY,False,False,CROSS_SECTIONAL;LONGITUDINAL;TIME_SERIES
DIGITAL_MEDIA_PEER,"Digital, media & peer influence",CAUSAL_FOREST_HTE,COMPATIBLE_CANDIDATE,MODERATE_TRIANGULATED_CAUSAL_EVIDENCE,False,False,CROSS_SECTIONAL;LONGITUDINAL
DIGITAL_MEDIA_PEER,"Digital, media & peer influence",CAUSAL_MEDIATION_INTERVENTIONAL_EFFECTS,COMPATIBLE_CANDIDATE,MODERATE_TRIANGULATED_CAUSAL_EVIDENCE,False,False,LONGITUDINAL
DIGITAL_MEDIA_PEER,"Digital, media & peer influence",CITATION_LINEAGE_DEPENDENCY,COMPATIBLE_CANDIDATE,DESCRIPTIVE_EVIDENCE_ONLY,False,False,BIBLIOMETRIC;NETWORK
DIGITAL_MEDIA_PEER,"Digital, media & peer influence",CLUSTERING_DISCOVERY_ONLY,COMPATIBLE_CANDIDATE,DESCRIPTIVE_EVIDENCE_ONLY,False,False,CROSS_SECTIONAL;MULTIMODAL
DIGITAL_MEDIA_PEER,"Digital, media & peer influence",COMPETING_RISKS_MULTISTATE,COMPATIBLE_CANDIDATE,ASSOCIATION_OBSERVED,False,False,EVENT_TIME;LONGITUDINAL
DIGITAL_MEDIA_PEER,"Digital, media & peer influence",CONTRIBUTION_ANALYSIS,COMPATIBLE_CANDIDATE,ASSOCIATION_OBSERVED,False,False,ARCHIVAL;MULTIMODAL
DIGITAL_MEDIA_PEER,"Digital, media & peer influence",CROSS_METHOD_TRIANGULATION,COMPATIBLE_CANDIDATE,MODERATE_TRIANGULATED_CAUSAL_EVIDENCE,False,False,ARCHIVAL;BIBLIOMETRIC;CONVERSATION;CROSS_SECTIONAL;EVENT_TIME;HIERARCHICAL;INTERVIEW;LONGITUDINAL;MULTIMODAL;NETWORK;PANEL;REPEATED_MEASURES;SPATIAL;TEXT_CORPUS;TIME_SERIES
SERVICE_REFERRAL_ASCERTAINMENT,"Service, referral & ascertainment",INTERRUPTED_TIME_SERIES,ANCHOR,MODERATE_TRIANGULATED_CAUSAL_EVIDENCE,False,False,TIME_SERIES
SERVICE_REFERRAL_ASCERTAINMENT,"Service, referral & ascertainment",MISSINGNESS_MECHANISM_DIAGNOSTICS,ANCHOR,ASSOCIATION_OBSERVED,False,False,MULTIMODAL
SERVICE_REFERRAL_ASCERTAINMENT,"Service, referral & ascertainment",RECORD_LINKAGE_ERROR_ANALYSIS,ANCHOR,ASSOCIATION_OBSERVED,False,False,LINKED_ADMINISTRATIVE
SERVICE_REFERRAL_ASCERTAINMENT,"Service, referral & ascertainment",STANDARDISATION_DECOMPOSITION,ANCHOR,DESCRIPTIVE_EVIDENCE_ONLY,False,False,CROSS_SECTIONAL;PANEL;TIME_SERIES
SERVICE_REFERRAL_ASCERTAINMENT,"Service, referral & ascertainment",ACTIVE_LEARNING_DATA_ACQUISITION,COMPATIBLE_CANDIDATE,DESCRIPTIVE_EVIDENCE_ONLY,False,True,MULTIMODAL
SERVICE_REFERRAL_ASCERTAINMENT,"Service, referral & ascertainment",AGENT_BASED_SIMULATION,COMPATIBLE_CANDIDATE,DESCRIPTIVE_EVIDENCE_ONLY,False,True,MULTIMODAL;NETWORK
SERVICE_REFERRAL_ASCERTAINMENT,"Service, referral & ascertainment",AGE_PERIOD_COHORT,COMPATIBLE_CANDIDATE,DESCRIPTIVE_EVIDENCE_ONLY,False,False,PANEL;TIME_SERIES
SERVICE_REFERRAL_ASCERTAINMENT,"Service, referral & ascertainment",BAYESIAN_EVIDENCE_SYNTHESIS,COMPATIBLE_CANDIDATE,MODERATE_TRIANGULATED_CAUSAL_EVIDENCE,False,False,MULTIMODAL
SERVICE_REFERRAL_ASCERTAINMENT,"Service, referral & ascertainment",BLIND_ANALYSIS,COMPATIBLE_CANDIDATE,DESCRIPTIVE_EVIDENCE_ONLY,False,False,MULTIMODAL
SERVICE_REFERRAL_ASCERTAINMENT,"Service, referral & ascertainment",CAUSAL_DISCOVERY_HYPOTHESIS_GENERATION,COMPATIBLE_CANDIDATE,DESCRIPTIVE_EVIDENCE_ONLY,False,False,CROSS_SECTIONAL;LONGITUDINAL;TIME_SERIES
SERVICE_REFERRAL_ASCERTAINMENT,"Service, referral & ascertainment",CHANGE_POINT_DETECTION,COMPATIBLE_CANDIDATE,DESCRIPTIVE_EVIDENCE_ONLY,False,False,TEXT_CORPUS;TIME_SERIES
SERVICE_REFERRAL_ASCERTAINMENT,"Service, referral & ascertainment",CLUSTERING_DISCOVERY_ONLY,COMPATIBLE_CANDIDATE,DESCRIPTIVE_EVIDENCE_ONLY,False,False,CROSS_SECTIONAL;MULTIMODAL
SERVICE_REFERRAL_ASCERTAINMENT,"Service, referral & ascertainment",COMPETING_RISKS_MULTISTATE,COMPATIBLE_CANDIDATE,ASSOCIATION_OBSERVED,False,False,EVENT_TIME;LONGITUDINAL
SERVICE_REFERRAL_ASCERTAINMENT,"Service, referral & ascertainment",CONTRIBUTION_ANALYSIS,COMPATIBLE_CANDIDATE,ASSOCIATION_OBSERVED,False,False,ARCHIVAL;MULTIMODAL
SERVICE_REFERRAL_ASCERTAINMENT,"Service, referral & ascertainment",CROSS_METHOD_TRIANGULATION,COMPATIBLE_CANDIDATE,MODERATE_TRIANGULATED_CAUSAL_EVIDENCE,False,False,ARCHIVAL;BIBLIOMETRIC;CONVERSATION;CROSS_SECTIONAL;EVENT_TIME;HIERARCHICAL;INTERVIEW;LONGITUDINAL;MULTIMODAL;NETWORK;PANEL;REPEATED_MEASURES;SPATIAL;TEXT_CORPUS;TIME_SERIES
SERVICE_REFERRAL_ASCERTAINMENT,"Service, referral & ascertainment",DAG_MODEL_CRITICISM,COMPATIBLE_CANDIDATE,ASSOCIATION_OBSERVED,False,False,MULTIMODAL
SERVICE_REFERRAL_ASCERTAINMENT,"Service, referral & ascertainment",DIFFERENCE_IN_DIFFERENCES,COMPATIBLE_CANDIDATE,MODERATE_TRIANGULATED_CAUSAL_EVIDENCE,False,False,PANEL;TIME_SERIES
SERVICE_REFERRAL_ASCERTAINMENT,"Service, referral & ascertainment",DIFFUSION_CASCADE_ANALYSIS,COMPATIBLE_CANDIDATE,ASSOCIATION_OBSERVED,False,False,EVENT_TIME;NETWORK
SERVICE_REFERRAL_ASCERTAINMENT,"Service, referral & ascertainment",DISTRIBUTED_LAG_TIME_VARYING_EFFECT,COMPATIBLE_CANDIDATE,ASSOCIATION_OBSERVED,False,False,LONGITUDINAL;TIME_SERIES
SERVICE_REFERRAL_ASCERTAINMENT,"Service, referral & ascertainment",EVENT_STUDY,COMPATIBLE_CANDIDATE,MODERATE_TRIANGULATED_CAUSAL_EVIDENCE,False,False,PANEL;TIME_SERIES
POPULATION_EPIDEMIOLOGY,Population trend & epidemiology,AGE_PERIOD_COHORT,ANCHOR,DESCRIPTIVE_EVIDENCE_ONLY,False,False,PANEL;TIME_SERIES
POPULATION_EPIDEMIOLOGY,Population trend & epidemiology,CALIBRATION_WEIGHTING_SURVEY,ANCHOR,ASSOCIATION_OBSERVED,False,False,CROSS_SECTIONAL;LONGITUDINAL;SURVEY
POPULATION_EPIDEMIOLOGY,Population trend & epidemiology,SPATIAL_EPIDEMIOLOGY,ANCHOR,ASSOCIATION_OBSERVED,False,False,PANEL;SPATIAL
POPULATION_EPIDEMIOLOGY,Population trend & epidemiology,STANDARDISATION_DECOMPOSITION,ANCHOR,DESCRIPTIVE_EVIDENCE_ONLY,False,False,CROSS_SECTIONAL;PANEL;TIME_SERIES
POPULATION_EPIDEMIOLOGY,Population trend & epidemiology,ACTIVE_LEARNING_DATA_ACQUISITION,COMPATIBLE_CANDIDATE,DESCRIPTIVE_EVIDENCE_ONLY,False,True,MULTIMODAL
POPULATION_EPIDEMIOLOGY,Population trend & epidemiology,AGENT_BASED_SIMULATION,COMPATIBLE_CANDIDATE,DESCRIPTIVE_EVIDENCE_ONLY,False,True,MULTIMODAL;NETWORK
POPULATION_EPIDEMIOLOGY,Population trend & epidemiology,BAYESIAN_EVIDENCE_SYNTHESIS,COMPATIBLE_CANDIDATE,MODERATE_TRIANGULATED_CAUSAL_EVIDENCE,False,False,MULTIMODAL
POPULATION_EPIDEMIOLOGY,Population trend & epidemiology,BAYESIAN_MODEL_AVERAGING,COMPATIBLE_CANDIDATE,ASSOCIATION_OBSERVED,False,False,CROSS_SECTIONAL;LONGITUDINAL;PANEL
POPULATION_EPIDEMIOLOGY,Population trend & epidemiology,BLIND_ANALYSIS,COMPATIBLE_CANDIDATE,DESCRIPTIVE_EVIDENCE_ONLY,False,False,MULTIMODAL
POPULATION_EPIDEMIOLOGY,Population trend & epidemiology,CAUSAL_DISCOVERY_HYPOTHESIS_GENERATION,COMPATIBLE_CANDIDATE,DESCRIPTIVE_EVIDENCE_ONLY,False,False,CROSS_SECTIONAL;LONGITUDINAL;TIME_SERIES
POPULATION_EPIDEMIOLOGY,Population trend & epidemiology,CHANGE_POINT_DETECTION,COMPATIBLE_CANDIDATE,DESCRIPTIVE_EVIDENCE_ONLY,False,False,TEXT_CORPUS;TIME_SERIES
POPULATION_EPIDEMIOLOGY,Population trend & epidemiology,CLUSTERING_DISCOVERY_ONLY,COMPATIBLE_CANDIDATE,DESCRIPTIVE_EVIDENCE_ONLY,False,False,CROSS_SECTIONAL;MULTIMODAL
POPULATION_EPIDEMIOLOGY,Population trend & epidemiology,CONTRIBUTION_ANALYSIS,COMPATIBLE_CANDIDATE,ASSOCIATION_OBSERVED,False,False,ARCHIVAL;MULTIMODAL
POPULATION_EPIDEMIOLOGY,Population trend & epidemiology,CROSS_METHOD_TRIANGULATION,COMPATIBLE_CANDIDATE,MODERATE_TRIANGULATED_CAUSAL_EVIDENCE,False,False,ARCHIVAL;BIBLIOMETRIC;CONVERSATION;CROSS_SECTIONAL;EVENT_TIME;HIERARCHICAL;INTERVIEW;LONGITUDINAL;MULTIMODAL;NETWORK;PANEL;REPEATED_MEASURES;SPATIAL;TEXT_CORPUS;TIME_SERIES
POPULATION_EPIDEMIOLOGY,Population trend & epidemiology,DAG_MODEL_CRITICISM,COMPATIBLE_CANDIDATE,ASSOCIATION_OBSERVED,False,False,MULTIMODAL
POPULATION_EPIDEMIOLOGY,Population trend & epidemiology,DIFFERENCE_IN_DIFFERENCES,COMPATIBLE_CANDIDATE,MODERATE_TRIANGULATED_CAUSAL_EVIDENCE,False,False,PANEL;TIME_SERIES
POPULATION_EPIDEMIOLOGY,Population trend & epidemiology,DISTRIBUTED_LAG_TIME_VARYING_EFFECT,COMPATIBLE_CANDIDATE,ASSOCIATION_OBSERVED,False,False,LONGITUDINAL;TIME_SERIES
POPULATION_EPIDEMIOLOGY,Population trend & epidemiology,EVENT_STUDY,COMPATIBLE_CANDIDATE,MODERATE_TRIANGULATED_CAUSAL_EVIDENCE,False,False,PANEL;TIME_SERIES
POPULATION_EPIDEMIOLOGY,Population trend & epidemiology,GENERALISED_ADDITIVE_NONLINEAR,COMPATIBLE_CANDIDATE,ASSOCIATION_OBSERVED,False,False,CROSS_SECTIONAL;LONGITUDINAL;TIME_SERIES
POPULATION_EPIDEMIOLOGY,Population trend & epidemiology,INDIVIDUAL_PARTICIPANT_DATA_META_ANALYSIS,COMPATIBLE_CANDIDATE,MODERATE_TRIANGULATED_CAUSAL_EVIDENCE,False,False,LONGITUDINAL;MULTIMODAL
PROFESSIONAL_GUIDELINE,Professional guidance & clinical doctrine,CITATION_LINEAGE_DEPENDENCY,ANCHOR,DESCRIPTIVE_EVIDENCE_ONLY,False,False,BIBLIOMETRIC;NETWORK
PROFESSIONAL_GUIDELINE,Professional guidance & clinical doctrine,CORPUS_LINGUISTICS,ANCHOR,DESCRIPTIVE_EVIDENCE_ONLY,False,False,TEXT_CORPUS
PROFESSIONAL_GUIDELINE,Professional guidance & clinical doctrine,PROCESS_TRACING,ANCHOR,ASSOCIATION_OBSERVED,False,False,ARCHIVAL;INTERVIEW;TEXT_CORPUS
PROFESSIONAL_GUIDELINE,Professional guidance & clinical doctrine,QUANTITATIVE_CONTENT_ANALYSIS,ANCHOR,DESCRIPTIVE_EVIDENCE_ONLY,False,False,ARCHIVAL;TEXT_CORPUS
PROFESSIONAL_GUIDELINE,Professional guidance & clinical doctrine,ACTIVE_LEARNING_DATA_ACQUISITION,COMPATIBLE_CANDIDATE,DESCRIPTIVE_EVIDENCE_ONLY,False,True,MULTIMODAL
PROFESSIONAL_GUIDELINE,Professional guidance & clinical doctrine,AGENT_BASED_SIMULATION,COMPATIBLE_CANDIDATE,DESCRIPTIVE_EVIDENCE_ONLY,False,True,MULTIMODAL;NETWORK
PROFESSIONAL_GUIDELINE,Professional guidance & clinical doctrine,ARGUMENTATION_ANALYSIS,COMPATIBLE_CANDIDATE,DESCRIPTIVE_EVIDENCE_ONLY,False,False,CONVERSATION;TEXT_CORPUS
PROFESSIONAL_GUIDELINE,Professional guidance & clinical doctrine,BAYESIAN_EVIDENCE_SYNTHESIS,COMPATIBLE_CANDIDATE,MODERATE_TRIANGULATED_CAUSAL_EVIDENCE,False,False,MULTIMODAL
PROFESSIONAL_GUIDELINE,Professional guidance & clinical doctrine,BIBLIOMETRIC_NETWORK_ANALYSIS,COMPATIBLE_CANDIDATE,DESCRIPTIVE_EVIDENCE_ONLY,False,False,BIBLIOMETRIC;NETWORK
PROFESSIONAL_GUIDELINE,Professional guidance & clinical doctrine,BLIND_ANALYSIS,COMPATIBLE_CANDIDATE,DESCRIPTIVE_EVIDENCE_ONLY,False,False,MULTIMODAL
PROFESSIONAL_GUIDELINE,Professional guidance & clinical doctrine,CHANGE_POINT_DETECTION,COMPATIBLE_CANDIDATE,DESCRIPTIVE_EVIDENCE_ONLY,False,False,TEXT_CORPUS;TIME_SERIES
PROFESSIONAL_GUIDELINE,Professional guidance & clinical doctrine,CLUSTERING_DISCOVERY_ONLY,COMPATIBLE_CANDIDATE,DESCRIPTIVE_EVIDENCE_ONLY,False,False,CROSS_SECTIONAL;MULTIMODAL
PROFESSIONAL_GUIDELINE,Professional guidance & clinical doctrine,CONTRIBUTION_ANALYSIS,COMPATIBLE_CANDIDATE,ASSOCIATION_OBSERVED,False,False,ARCHIVAL;MULTIMODAL
PROFESSIONAL_GUIDELINE,Professional guidance & clinical doctrine,CRITICAL_DISCOURSE_ANALYSIS,COMPATIBLE_CANDIDATE,DESCRIPTIVE_EVIDENCE_ONLY,True,False,CONVERSATION;TEXT_CORPUS
PROFESSIONAL_GUIDELINE,Professional guidance & clinical doctrine,CROSS_METHOD_TRIANGULATION,COMPATIBLE_CANDIDATE,MODERATE_TRIANGULATED_CAUSAL_EVIDENCE,False,False,ARCHIVAL;BIBLIOMETRIC;CONVERSATION;CROSS_SECTIONAL;EVENT_TIME;HIERARCHICAL;INTERVIEW;LONGITUDINAL;MULTIMODAL;NETWORK;PANEL;REPEATED_MEASURES;SPATIAL;TEXT_CORPUS;TIME_SERIES
PROFESSIONAL_GUIDELINE,Professional guidance & clinical doctrine,DAG_MODEL_CRITICISM,COMPATIBLE_CANDIDATE,ASSOCIATION_OBSERVED,False,False,MULTIMODAL
PROFESSIONAL_GUIDELINE,Professional guidance & clinical doctrine,DIACHRONIC_SEMANTIC_ANALYSIS,COMPATIBLE_CANDIDATE,DESCRIPTIVE_EVIDENCE_ONLY,False,False,TEXT_CORPUS
PROFESSIONAL_GUIDELINE,Professional guidance & clinical doctrine,DISCOURSE_ANALYSIS,COMPATIBLE_CANDIDATE,DESCRIPTIVE_EVIDENCE_ONLY,True,False,CONVERSATION;TEXT_CORPUS
PROFESSIONAL_GUIDELINE,Professional guidance & clinical doctrine,DYNAMIC_TOPIC_MODEL,COMPATIBLE_CANDIDATE,DESCRIPTIVE_EVIDENCE_ONLY,False,False,TEXT_CORPUS
PROFESSIONAL_GUIDELINE,Professional guidance & clinical doctrine,FRAME_ANALYSIS,COMPATIBLE_CANDIDATE,DESCRIPTIVE_EVIDENCE_ONLY,True,False,ARCHIVAL;TEXT_CORPUS
LEGAL_POLICY,Legal & public-policy change,DIFFERENCE_IN_DIFFERENCES,ANCHOR,MODERATE_TRIANGULATED_CAUSAL_EVIDENCE,False,False,PANEL;TIME_SERIES
LEGAL_POLICY,Legal & public-policy change,HISTORICAL_INSTITUTIONAL_CHANGE,ANCHOR,DESCRIPTIVE_EVIDENCE_ONLY,False,False,ARCHIVAL;TEXT_CORPUS
LEGAL_POLICY,Legal & public-policy change,INTERRUPTED_TIME_SERIES,ANCHOR,MODERATE_TRIANGULATED_CAUSAL_EVIDENCE,False,False,TIME_SERIES
LEGAL_POLICY,Legal & public-policy change,PROCESS_TRACING,ANCHOR,ASSOCIATION_OBSERVED,False,False,ARCHIVAL;INTERVIEW;TEXT_CORPUS
LEGAL_POLICY,Legal & public-policy change,ACTIVE_LEARNING_DATA_ACQUISITION,COMPATIBLE_CANDIDATE,DESCRIPTIVE_EVIDENCE_ONLY,False,True,MULTIMODAL
LEGAL_POLICY,Legal & public-policy change,AGENT_BASED_SIMULATION,COMPATIBLE_CANDIDATE,DESCRIPTIVE_EVIDENCE_ONLY,False,True,MULTIMODAL;NETWORK
LEGAL_POLICY,Legal & public-policy change,AGE_PERIOD_COHORT,COMPATIBLE_CANDIDATE,DESCRIPTIVE_EVIDENCE_ONLY,False,False,PANEL;TIME_SERIES
LEGAL_POLICY,Legal & public-policy change,BAYESIAN_EVIDENCE_SYNTHESIS,COMPATIBLE_CANDIDATE,MODERATE_TRIANGULATED_CAUSAL_EVIDENCE,False,False,MULTIMODAL
LEGAL_POLICY,Legal & public-policy change,BAYESIAN_MODEL_AVERAGING,COMPATIBLE_CANDIDATE,ASSOCIATION_OBSERVED,False,False,CROSS_SECTIONAL;LONGITUDINAL;PANEL
LEGAL_POLICY,Legal & public-policy change,BLIND_ANALYSIS,COMPATIBLE_CANDIDATE,DESCRIPTIVE_EVIDENCE_ONLY,False,False,MULTIMODAL
LEGAL_POLICY,Legal & public-policy change,CAUSAL_DISCOVERY_HYPOTHESIS_GENERATION,COMPATIBLE_CANDIDATE,DESCRIPTIVE_EVIDENCE_ONLY,False,False,CROSS_SECTIONAL;LONGITUDINAL;TIME_SERIES
LEGAL_POLICY,Legal & public-policy change,CHANGE_POINT_DETECTION,COMPATIBLE_CANDIDATE,DESCRIPTIVE_EVIDENCE_ONLY,False,False,TEXT_CORPUS;TIME_SERIES
LEGAL_POLICY,Legal & public-policy change,CLUSTERING_DISCOVERY_ONLY,COMPATIBLE_CANDIDATE,DESCRIPTIVE_EVIDENCE_ONLY,False,False,CROSS_SECTIONAL;MULTIMODAL
LEGAL_POLICY,Legal & public-policy change,CONTRIBUTION_ANALYSIS,COMPATIBLE_CANDIDATE,ASSOCIATION_OBSERVED,False,False,ARCHIVAL;MULTIMODAL
LEGAL_POLICY,Legal & public-policy change,CROSS_METHOD_TRIANGULATION,COMPATIBLE_CANDIDATE,MODERATE_TRIANGULATED_CAUSAL_EVIDENCE,False,False,ARCHIVAL;BIBLIOMETRIC;CONVERSATION;CROSS_SECTIONAL;EVENT_TIME;HIERARCHICAL;INTERVIEW;LONGITUDINAL;MULTIMODAL;NETWORK;PANEL;REPEATED_MEASURES;SPATIAL;TEXT_CORPUS;TIME_SERIES
LEGAL_POLICY,Legal & public-policy change,DAG_MODEL_CRITICISM,COMPATIBLE_CANDIDATE,ASSOCIATION_OBSERVED,False,False,MULTIMODAL
LEGAL_POLICY,Legal & public-policy change,DISTRIBUTED_LAG_TIME_VARYING_EFFECT,COMPATIBLE_CANDIDATE,ASSOCIATION_OBSERVED,False,False,LONGITUDINAL;TIME_SERIES
LEGAL_POLICY,Legal & public-policy change,EVENT_STUDY,COMPATIBLE_CANDIDATE,MODERATE_TRIANGULATED_CAUSAL_EVIDENCE,False,False,PANEL;TIME_SERIES
LEGAL_POLICY,Legal & public-policy change,FRAME_ANALYSIS,COMPATIBLE_CANDIDATE,DESCRIPTIVE_EVIDENCE_ONLY,True,False,ARCHIVAL;TEXT_CORPUS
LEGAL_POLICY,Legal & public-policy change,GENERALISED_ADDITIVE_NONLINEAR,COMPATIBLE_CANDIDATE,ASSOCIATION_OBSERVED,False,False,CROSS_SECTIONAL;LONGITUDINAL;TIME_SERIES
PUBLIC_DISCOURSE,"Public discourse, language & media",CORPUS_LINGUISTICS,ANCHOR,DESCRIPTIVE_EVIDENCE_ONLY,False,False,TEXT_CORPUS
PUBLIC_DISCOURSE,"Public discourse, language & media",DIACHRONIC_SEMANTIC_ANALYSIS,ANCHOR,DESCRIPTIVE_EVIDENCE_ONLY,False,False,TEXT_CORPUS
PUBLIC_DISCOURSE,"Public discourse, language & media",FRAME_ANALYSIS,ANCHOR,DESCRIPTIVE_EVIDENCE_ONLY,True,False,ARCHIVAL;TEXT_CORPUS
PUBLIC_DISCOURSE,"Public discourse, language & media",STANCE_EPISTEMIC_MODALITY_ANALYSIS,ANCHOR,DESCRIPTIVE_EVIDENCE_ONLY,False,False,CONVERSATION;TEXT_CORPUS
PUBLIC_DISCOURSE,"Public discourse, language & media",ACTIVE_LEARNING_DATA_ACQUISITION,COMPATIBLE_CANDIDATE,DESCRIPTIVE_EVIDENCE_ONLY,False,True,MULTIMODAL
PUBLIC_DISCOURSE,"Public discourse, language & media",AGENT_BASED_SIMULATION,COMPATIBLE_CANDIDATE,DESCRIPTIVE_EVIDENCE_ONLY,False,True,MULTIMODAL;NETWORK
PUBLIC_DISCOURSE,"Public discourse, language & media",AGE_PERIOD_COHORT,COMPATIBLE_CANDIDATE,DESCRIPTIVE_EVIDENCE_ONLY,False,False,PANEL;TIME_SERIES
PUBLIC_DISCOURSE,"Public discourse, language & media",ARGUMENTATION_ANALYSIS,COMPATIBLE_CANDIDATE,DESCRIPTIVE_EVIDENCE_ONLY,False,False,CONVERSATION;TEXT_CORPUS
PUBLIC_DISCOURSE,"Public discourse, language & media",BAYESIAN_EVIDENCE_SYNTHESIS,COMPATIBLE_CANDIDATE,MODERATE_TRIANGULATED_CAUSAL_EVIDENCE,False,False,MULTIMODAL
PUBLIC_DISCOURSE,"Public discourse, language & media",BLIND_ANALYSIS,COMPATIBLE_CANDIDATE,DESCRIPTIVE_EVIDENCE_ONLY,False,False,MULTIMODAL
PUBLIC_DISCOURSE,"Public discourse, language & media",CAUSAL_DISCOVERY_HYPOTHESIS_GENERATION,COMPATIBLE_CANDIDATE,DESCRIPTIVE_EVIDENCE_ONLY,False,False,CROSS_SECTIONAL;LONGITUDINAL;TIME_SERIES
PUBLIC_DISCOURSE,"Public discourse, language & media",CHANGE_POINT_DETECTION,COMPATIBLE_CANDIDATE,DESCRIPTIVE_EVIDENCE_ONLY,False,False,TEXT_CORPUS;TIME_SERIES
PUBLIC_DISCOURSE,"Public discourse, language & media",CLUSTERING_DISCOVERY_ONLY,COMPATIBLE_CANDIDATE,DESCRIPTIVE_EVIDENCE_ONLY,False,False,CROSS_SECTIONAL;MULTIMODAL
PUBLIC_DISCOURSE,"Public discourse, language & media",CONTRIBUTION_ANALYSIS,COMPATIBLE_CANDIDATE,ASSOCIATION_OBSERVED,False,False,ARCHIVAL;MULTIMODAL
PUBLIC_DISCOURSE,"Public discourse, language & media",CONVERSATION_ANALYSIS,COMPATIBLE_CANDIDATE,DESCRIPTIVE_EVIDENCE_ONLY,False,False,CONVERSATION
PUBLIC_DISCOURSE,"Public discourse, language & media",CRITICAL_DISCOURSE_ANALYSIS,COMPATIBLE_CANDIDATE,DESCRIPTIVE_EVIDENCE_ONLY,True,False,CONVERSATION;TEXT_CORPUS
PUBLIC_DISCOURSE,"Public discourse, language & media",CROSS_METHOD_TRIANGULATION,COMPATIBLE_CANDIDATE,MODERATE_TRIANGULATED_CAUSAL_EVIDENCE,False,False,ARCHIVAL;BIBLIOMETRIC;CONVERSATION;CROSS_SECTIONAL;EVENT_TIME;HIERARCHICAL;INTERVIEW;LONGITUDINAL;MULTIMODAL;NETWORK;PANEL;REPEATED_MEASURES;SPATIAL;TEXT_CORPUS;TIME_SERIES
PUBLIC_DISCOURSE,"Public discourse, language & media",DAG_MODEL_CRITICISM,COMPATIBLE_CANDIDATE,ASSOCIATION_OBSERVED,False,False,MULTIMODAL
PUBLIC_DISCOURSE,"Public discourse, language & media",DIFFERENCE_IN_DIFFERENCES,COMPATIBLE_CANDIDATE,MODERATE_TRIANGULATED_CAUSAL_EVIDENCE,False,False,PANEL;TIME_SERIES
PUBLIC_DISCOURSE,"Public discourse, language & media",DISCOURSE_ANALYSIS,COMPATIBLE_CANDIDATE,DESCRIPTIVE_EVIDENCE_ONLY,True,False,CONVERSATION;TEXT_CORPUS
GENOMIC_BIOLOGICAL,Biological & genomic,LABEL_NOISE_MISCLASSIFICATION,ANCHOR,ASSOCIATION_OBSERVED,False,False,MULTIMODAL
GENOMIC_BIOLOGICAL,Biological & genomic,MULTILEVEL_HIERARCHICAL_MODEL,ANCHOR,ASSOCIATION_OBSERVED,False,False,HIERARCHICAL;LONGITUDINAL;PANEL
GENOMIC_BIOLOGICAL,Biological & genomic,TRANSPORTABILITY_GENERALISABILITY,ANCHOR,MODERATE_TRIANGULATED_CAUSAL_EVIDENCE,False,False,LONGITUDINAL;MULTIMODAL;PANEL
GENOMIC_BIOLOGICAL,Biological & genomic,ACTIVE_LEARNING_DATA_ACQUISITION,COMPATIBLE_CANDIDATE,DESCRIPTIVE_EVIDENCE_ONLY,False,True,MULTIMODAL
GENOMIC_BIOLOGICAL,Biological & genomic,AGENT_BASED_SIMULATION,COMPATIBLE_CANDIDATE,DESCRIPTIVE_EVIDENCE_ONLY,False,True,MULTIMODAL;NETWORK
GENOMIC_BIOLOGICAL,Biological & genomic,BAYESIAN_EVIDENCE_SYNTHESIS,COMPATIBLE_CANDIDATE,MODERATE_TRIANGULATED_CAUSAL_EVIDENCE,False,False,MULTIMODAL
GENOMIC_BIOLOGICAL,Biological & genomic,BAYESIAN_MODEL_AVERAGING,COMPATIBLE_CANDIDATE,ASSOCIATION_OBSERVED,False,False,CROSS_SECTIONAL;LONGITUDINAL;PANEL
GENOMIC_BIOLOGICAL,Biological & genomic,BLIND_ANALYSIS,COMPATIBLE_CANDIDATE,DESCRIPTIVE_EVIDENCE_ONLY,False,False,MULTIMODAL
GENOMIC_BIOLOGICAL,Biological & genomic,CALIBRATION_WEIGHTING_SURVEY,COMPATIBLE_CANDIDATE,ASSOCIATION_OBSERVED,False,False,CROSS_SECTIONAL;LONGITUDINAL;SURVEY
GENOMIC_BIOLOGICAL,Biological & genomic,CAUSAL_DISCOVERY_HYPOTHESIS_GENERATION,COMPATIBLE_CANDIDATE,DESCRIPTIVE_EVIDENCE_ONLY,False,False,CROSS_SECTIONAL;LONGITUDINAL;TIME_SERIES
GENOMIC_BIOLOGICAL,Biological & genomic,CAUSAL_FOREST_HTE,COMPATIBLE_CANDIDATE,MODERATE_TRIANGULATED_CAUSAL_EVIDENCE,False,False,CROSS_SECTIONAL;LONGITUDINAL
GENOMIC_BIOLOGICAL,Biological & genomic,CAUSAL_MEDIATION_INTERVENTIONAL_EFFECTS,COMPATIBLE_CANDIDATE,MODERATE_TRIANGULATED_CAUSAL_EVIDENCE,False,False,LONGITUDINAL
GENOMIC_BIOLOGICAL,Biological & genomic,CLUSTERING_DISCOVERY_ONLY,COMPATIBLE_CANDIDATE,DESCRIPTIVE_EVIDENCE_ONLY,False,False,CROSS_SECTIONAL;MULTIMODAL
GENOMIC_BIOLOGICAL,Biological & genomic,CLUSTER_RANDOMISED,COMPATIBLE_CANDIDATE,STRONG_REPLICATED_CAUSAL_EVIDENCE,False,False,EXPERIMENTAL;HIERARCHICAL
GENOMIC_BIOLOGICAL,Biological & genomic,COMPETING_RISKS_MULTISTATE,COMPATIBLE_CANDIDATE,ASSOCIATION_OBSERVED,False,False,EVENT_TIME;LONGITUDINAL
GENOMIC_BIOLOGICAL,Biological & genomic,CONTRIBUTION_ANALYSIS,COMPATIBLE_CANDIDATE,ASSOCIATION_OBSERVED,False,False,ARCHIVAL;MULTIMODAL
GENOMIC_BIOLOGICAL,Biological & genomic,CROSS_METHOD_TRIANGULATION,COMPATIBLE_CANDIDATE,MODERATE_TRIANGULATED_CAUSAL_EVIDENCE,False,False,ARCHIVAL;BIBLIOMETRIC;CONVERSATION;CROSS_SECTIONAL;EVENT_TIME;HIERARCHICAL;INTERVIEW;LONGITUDINAL;MULTIMODAL;NETWORK;PANEL;REPEATED_MEASURES;SPATIAL;TEXT_CORPUS;TIME_SERIES
GENOMIC_BIOLOGICAL,Biological & genomic,DAG_MODEL_CRITICISM,COMPATIBLE_CANDIDATE,ASSOCIATION_OBSERVED,False,False,MULTIMODAL
GENOMIC_BIOLOGICAL,Biological & genomic,DECISION_CURVE_ANALYSIS,COMPATIBLE_CANDIDATE,DESCRIPTIVE_EVIDENCE_ONLY,False,False,CROSS_SECTIONAL;LONGITUDINAL
GENOMIC_BIOLOGICAL,Biological & genomic,DIFFERENTIAL_ITEM_FUNCTIONING,COMPATIBLE_CANDIDATE,DESCRIPTIVE_EVIDENCE_ONLY,False,False,CROSS_SECTIONAL;HIERARCHICAL
FAMILY_INTERPERSONAL,Family & interpersonal systems,MULTILEVEL_HIERARCHICAL_MODEL,ANCHOR,ASSOCIATION_OBSERVED,False,False,HIERARCHICAL;LONGITUDINAL;PANEL
FAMILY_INTERPERSONAL,Family & interpersonal systems,QUALITATIVE_COMPARATIVE_ANALYSIS,ANCHOR,ASSOCIATION_OBSERVED,False,False,CROSS_SECTIONAL;HIERARCHICAL
FAMILY_INTERPERSONAL,Family & interpersonal systems,SEQUENCE_ANALYSIS,ANCHOR,DESCRIPTIVE_EVIDENCE_ONLY,False,False,EVENT_TIME;LONGITUDINAL
FAMILY_INTERPERSONAL,Family & interpersonal systems,SOCIAL_NETWORK_ANALYSIS,ANCHOR,DESCRIPTIVE_EVIDENCE_ONLY,False,False,NETWORK
FAMILY_INTERPERSONAL,Family & interpersonal systems,ACTIVE_LEARNING_DATA_ACQUISITION,COMPATIBLE_CANDIDATE,DESCRIPTIVE_EVIDENCE_ONLY,False,True,MULTIMODAL
FAMILY_INTERPERSONAL,Family & interpersonal systems,AGENT_BASED_SIMULATION,COMPATIBLE_CANDIDATE,DESCRIPTIVE_EVIDENCE_ONLY,False,True,MULTIMODAL;NETWORK
FAMILY_INTERPERSONAL,Family & interpersonal systems,BAYESIAN_EVIDENCE_SYNTHESIS,COMPATIBLE_CANDIDATE,MODERATE_TRIANGULATED_CAUSAL_EVIDENCE,False,False,MULTIMODAL
FAMILY_INTERPERSONAL,Family & interpersonal systems,BAYESIAN_MODEL_AVERAGING,COMPATIBLE_CANDIDATE,ASSOCIATION_OBSERVED,False,False,CROSS_SECTIONAL;LONGITUDINAL;PANEL
FAMILY_INTERPERSONAL,Family & interpersonal systems,BIBLIOMETRIC_NETWORK_ANALYSIS,COMPATIBLE_CANDIDATE,DESCRIPTIVE_EVIDENCE_ONLY,False,False,BIBLIOMETRIC;NETWORK
FAMILY_INTERPERSONAL,Family & interpersonal systems,BLIND_ANALYSIS,COMPATIBLE_CANDIDATE,DESCRIPTIVE_EVIDENCE_ONLY,False,False,MULTIMODAL
FAMILY_INTERPERSONAL,Family & interpersonal systems,CALIBRATION_WEIGHTING_SURVEY,COMPATIBLE_CANDIDATE,ASSOCIATION_OBSERVED,False,False,CROSS_SECTIONAL;LONGITUDINAL;SURVEY
FAMILY_INTERPERSONAL,Family & interpersonal systems,CAUSAL_DISCOVERY_HYPOTHESIS_GENERATION,COMPATIBLE_CANDIDATE,DESCRIPTIVE_EVIDENCE_ONLY,False,False,CROSS_SECTIONAL;LONGITUDINAL;TIME_SERIES
FAMILY_INTERPERSONAL,Family & interpersonal systems,CAUSAL_FOREST_HTE,COMPATIBLE_CANDIDATE,MODERATE_TRIANGULATED_CAUSAL_EVIDENCE,False,False,CROSS_SECTIONAL;LONGITUDINAL
FAMILY_INTERPERSONAL,Family & interpersonal systems,CAUSAL_MEDIATION_INTERVENTIONAL_EFFECTS,COMPATIBLE_CANDIDATE,MODERATE_TRIANGULATED_CAUSAL_EVIDENCE,False,False,LONGITUDINAL
FAMILY_INTERPERSONAL,Family & interpersonal systems,CITATION_LINEAGE_DEPENDENCY,COMPATIBLE_CANDIDATE,DESCRIPTIVE_EVIDENCE_ONLY,False,False,BIBLIOMETRIC;NETWORK
FAMILY_INTERPERSONAL,Family & interpersonal systems,CLUSTERING_DISCOVERY_ONLY,COMPATIBLE_CANDIDATE,DESCRIPTIVE_EVIDENCE_ONLY,False,False,CROSS_SECTIONAL;MULTIMODAL
FAMILY_INTERPERSONAL,Family & interpersonal systems,CLUSTER_RANDOMISED,COMPATIBLE_CANDIDATE,STRONG_REPLICATED_CAUSAL_EVIDENCE,False,False,EXPERIMENTAL;HIERARCHICAL
FAMILY_INTERPERSONAL,Family & interpersonal systems,COMPETING_RISKS_MULTISTATE,COMPATIBLE_CANDIDATE,ASSOCIATION_OBSERVED,False,False,EVENT_TIME;LONGITUDINAL
FAMILY_INTERPERSONAL,Family & interpersonal systems,CONTRIBUTION_ANALYSIS,COMPATIBLE_CANDIDATE,ASSOCIATION_OBSERVED,False,False,ARCHIVAL;MULTIMODAL
FAMILY_INTERPERSONAL,Family & interpersonal systems,CROSS_METHOD_TRIANGULATION,COMPATIBLE_CANDIDATE,MODERATE_TRIANGULATED_CAUSAL_EVIDENCE,False,False,ARCHIVAL;BIBLIOMETRIC;CONVERSATION;CROSS_SECTIONAL;EVENT_TIME;HIERARCHICAL;INTERVIEW;LONGITUDINAL;MULTIMODAL;NETWORK;PANEL;REPEATED_MEASURES;SPATIAL;TEXT_CORPUS;TIME_SERIES
TREATMENT_OUTCOMES,Treatment & outcomes,CAUSAL_MEDIATION_INTERVENTIONAL_EFFECTS,ANCHOR,MODERATE_TRIANGULATED_CAUSAL_EVIDENCE,False,False,LONGITUDINAL
TREATMENT_OUTCOMES,Treatment & outcomes,G_METHODS,ANCHOR,MODERATE_TRIANGULATED_CAUSAL_EVIDENCE,False,False,LONGITUDINAL;REPEATED_MEASURES
TREATMENT_OUTCOMES,Treatment & outcomes,SURVIVAL_EVENT_HISTORY,ANCHOR,ASSOCIATION_OBSERVED,False,False,EVENT_TIME;LONGITUDINAL
TREATMENT_OUTCOMES,Treatment & outcomes,TARGET_TRIAL_EMULATION,ANCHOR,MODERATE_TRIANGULATED_CAUSAL_EVIDENCE,False,False,EVENT_TIME;LONGITUDINAL
TREATMENT_OUTCOMES,Treatment & outcomes,ACTIVE_LEARNING_DATA_ACQUISITION,COMPATIBLE_CANDIDATE,DESCRIPTIVE_EVIDENCE_ONLY,False,True,MULTIMODAL
TREATMENT_OUTCOMES,Treatment & outcomes,AGENT_BASED_SIMULATION,COMPATIBLE_CANDIDATE,DESCRIPTIVE_EVIDENCE_ONLY,False,True,MULTIMODAL;NETWORK
TREATMENT_OUTCOMES,Treatment & outcomes,BAYESIAN_EVIDENCE_SYNTHESIS,COMPATIBLE_CANDIDATE,MODERATE_TRIANGULATED_CAUSAL_EVIDENCE,False,False,MULTIMODAL
TREATMENT_OUTCOMES,Treatment & outcomes,BAYESIAN_MODEL_AVERAGING,COMPATIBLE_CANDIDATE,ASSOCIATION_OBSERVED,False,False,CROSS_SECTIONAL;LONGITUDINAL;PANEL
TREATMENT_OUTCOMES,Treatment & outcomes,BLIND_ANALYSIS,COMPATIBLE_CANDIDATE,DESCRIPTIVE_EVIDENCE_ONLY,False,False,MULTIMODAL
TREATMENT_OUTCOMES,Treatment & outcomes,CALIBRATION_WEIGHTING_SURVEY,COMPATIBLE_CANDIDATE,ASSOCIATION_OBSERVED,False,False,CROSS_SECTIONAL;LONGITUDINAL;SURVEY
TREATMENT_OUTCOMES,Treatment & outcomes,CAUSAL_DISCOVERY_HYPOTHESIS_GENERATION,COMPATIBLE_CANDIDATE,DESCRIPTIVE_EVIDENCE_ONLY,False,False,CROSS_SECTIONAL;LONGITUDINAL;TIME_SERIES
TREATMENT_OUTCOMES,Treatment & outcomes,CAUSAL_FOREST_HTE,COMPATIBLE_CANDIDATE,MODERATE_TRIANGULATED_CAUSAL_EVIDENCE,False,False,CROSS_SECTIONAL;LONGITUDINAL
TREATMENT_OUTCOMES,Treatment & outcomes,CLUSTERING_DISCOVERY_ONLY,COMPATIBLE_CANDIDATE,DESCRIPTIVE_EVIDENCE_ONLY,False,False,CROSS_SECTIONAL;MULTIMODAL
TREATMENT_OUTCOMES,Treatment & outcomes,COMPETING_RISKS_MULTISTATE,COMPATIBLE_CANDIDATE,ASSOCIATION_OBSERVED,False,False,EVENT_TIME;LONGITUDINAL
TREATMENT_OUTCOMES,Treatment & outcomes,CONTRIBUTION_ANALYSIS,COMPATIBLE_CANDIDATE,ASSOCIATION_OBSERVED,False,False,ARCHIVAL;MULTIMODAL
TREATMENT_OUTCOMES,Treatment & outcomes,CROSS_METHOD_TRIANGULATION,COMPATIBLE_CANDIDATE,MODERATE_TRIANGULATED_CAUSAL_EVIDENCE,False,False,ARCHIVAL;BIBLIOMETRIC;CONVERSATION;CROSS_SECTIONAL;EVENT_TIME;HIERARCHICAL;INTERVIEW;LONGITUDINAL;MULTIMODAL;NETWORK;PANEL;REPEATED_MEASURES;SPATIAL;TEXT_CORPUS;TIME_SERIES
TREATMENT_OUTCOMES,Treatment & outcomes,DAG_MODEL_CRITICISM,COMPATIBLE_CANDIDATE,ASSOCIATION_OBSERVED,False,False,MULTIMODAL
TREATMENT_OUTCOMES,Treatment & outcomes,DECISION_CURVE_ANALYSIS,COMPATIBLE_CANDIDATE,DESCRIPTIVE_EVIDENCE_ONLY,False,False,CROSS_SECTIONAL;LONGITUDINAL
TREATMENT_OUTCOMES,Treatment & outcomes,DIFFUSION_CASCADE_ANALYSIS,COMPATIBLE_CANDIDATE,ASSOCIATION_OBSERVED,False,False,EVENT_TIME;NETWORK
TREATMENT_OUTCOMES,Treatment & outcomes,DISTRIBUTED_LAG_TIME_VARYING_EFFECT,COMPATIBLE_CANDIDATE,ASSOCIATION_OBSERVED,False,False,LONGITUDINAL;TIME_SERIES
METHODS_META_RESEARCH,"Methods, bias & meta-research",MULTI_ANALYST_REPLICATION,ANCHOR,MODERATE_TRIANGULATED_CAUSAL_EVIDENCE,False,False,MULTIMODAL
METHODS_META_RESEARCH,"Methods, bias & meta-research",PROBABILISTIC_BIAS_ANALYSIS,ANCHOR,ASSOCIATION_OBSERVED,False,False,ARCHIVAL;BIBLIOMETRIC;CONVERSATION;CROSS_SECTIONAL;EVENT_TIME;HIERARCHICAL;INTERVIEW;LONGITUDINAL;MULTIMODAL;NETWORK;PANEL;REPEATED_MEASURES;SPATIAL;TEXT_CORPUS;TIME_SERIES
METHODS_META_RESEARCH,"Methods, bias & meta-research",SPECIFICATION_CURVE_MULTIVERSE,ANCHOR,ASSOCIATION_OBSERVED,False,False,ARCHIVAL;BIBLIOMETRIC;CONVERSATION;CROSS_SECTIONAL;EVENT_TIME;HIERARCHICAL;INTERVIEW;LONGITUDINAL;MULTIMODAL;NETWORK;PANEL;REPEATED_MEASURES;SPATIAL;TEXT_CORPUS;TIME_SERIES
METHODS_META_RESEARCH,"Methods, bias & meta-research",BAYESIAN_MODEL_AVERAGING,ANCHOR,ASSOCIATION_OBSERVED,False,False,CROSS_SECTIONAL;LONGITUDINAL;PANEL
METHODS_META_RESEARCH,"Methods, bias & meta-research",ACTIVE_LEARNING_DATA_ACQUISITION,COMPATIBLE_CANDIDATE,DESCRIPTIVE_EVIDENCE_ONLY,False,True,MULTIMODAL
METHODS_META_RESEARCH,"Methods, bias & meta-research",AGENT_BASED_SIMULATION,COMPATIBLE_CANDIDATE,DESCRIPTIVE_EVIDENCE_ONLY,False,True,MULTIMODAL;NETWORK
METHODS_META_RESEARCH,"Methods, bias & meta-research",BAYESIAN_EVIDENCE_SYNTHESIS,COMPATIBLE_CANDIDATE,MODERATE_TRIANGULATED_CAUSAL_EVIDENCE,False,False,MULTIMODAL
METHODS_META_RESEARCH,"Methods, bias & meta-research",BLIND_ANALYSIS,COMPATIBLE_CANDIDATE,DESCRIPTIVE_EVIDENCE_ONLY,False,False,MULTIMODAL
METHODS_META_RESEARCH,"Methods, bias & meta-research",CLUSTERING_DISCOVERY_ONLY,COMPATIBLE_CANDIDATE,DESCRIPTIVE_EVIDENCE_ONLY,False,False,CROSS_SECTIONAL;MULTIMODAL
METHODS_META_RESEARCH,"Methods, bias & meta-research",CONTRIBUTION_ANALYSIS,COMPATIBLE_CANDIDATE,ASSOCIATION_OBSERVED,False,False,ARCHIVAL;MULTIMODAL
METHODS_META_RESEARCH,"Methods, bias & meta-research",CROSS_METHOD_TRIANGULATION,COMPATIBLE_CANDIDATE,MODERATE_TRIANGULATED_CAUSAL_EVIDENCE,False,False,ARCHIVAL;BIBLIOMETRIC;CONVERSATION;CROSS_SECTIONAL;EVENT_TIME;HIERARCHICAL;INTERVIEW;LONGITUDINAL;MULTIMODAL;NETWORK;PANEL;REPEATED_MEASURES;SPATIAL;TEXT_CORPUS;TIME_SERIES
METHODS_META_RESEARCH,"Methods, bias & meta-research",DAG_MODEL_CRITICISM,COMPATIBLE_CANDIDATE,ASSOCIATION_OBSERVED,False,False,MULTIMODAL
METHODS_META_RESEARCH,"Methods, bias & meta-research",INDIVIDUAL_PARTICIPANT_DATA_META_ANALYSIS,COMPATIBLE_CANDIDATE,MODERATE_TRIANGULATED_CAUSAL_EVIDENCE,False,False,LONGITUDINAL;MULTIMODAL
METHODS_META_RESEARCH,"Methods, bias & meta-research",LABEL_NOISE_MISCLASSIFICATION,COMPATIBLE_CANDIDATE,ASSOCIATION_OBSERVED,False,False,MULTIMODAL
METHODS_META_RESEARCH,"Methods, bias & meta-research",META_ANALYSIS_META_REGRESSION,COMPATIBLE_CANDIDATE,ASSOCIATION_OBSERVED,False,False,MULTIMODAL
METHODS_META_RESEARCH,"Methods, bias & meta-research",MISSINGNESS_MECHANISM_DIAGNOSTICS,COMPATIBLE_CANDIDATE,ASSOCIATION_OBSERVED,False,False,MULTIMODAL
METHODS_META_RESEARCH,"Methods, bias & meta-research",MULTIVIEW_MULTIMODAL_INTEGRATION,COMPATIBLE_CANDIDATE,ASSOCIATION_OBSERVED,False,False,MULTIMODAL
METHODS_META_RESEARCH,"Methods, bias & meta-research",NEGATIVE_POSITIVE_CONTROLS,COMPATIBLE_CANDIDATE,ASSOCIATION_OBSERVED,False,False,ARCHIVAL;BIBLIOMETRIC;CONVERSATION;CROSS_SECTIONAL;EVENT_TIME;HIERARCHICAL;INTERVIEW;LONGITUDINAL;MULTIMODAL;NETWORK;PANEL;REPEATED_MEASURES;SPATIAL;TEXT_CORPUS;TIME_SERIES
METHODS_META_RESEARCH,"Methods, bias & meta-research",PLACEBO_FALSIFICATION,COMPATIBLE_CANDIDATE,ASSOCIATION_OBSERVED,False,False,ARCHIVAL;BIBLIOMETRIC;CONVERSATION;CROSS_SECTIONAL;EVENT_TIME;HIERARCHICAL;INTERVIEW;LONGITUDINAL;MULTIMODAL;NETWORK;PANEL;REPEATED_MEASURES;SPATIAL;TEXT_CORPUS;TIME_SERIES
METHODS_META_RESEARCH,"Methods, bias & meta-research",PUBLICATION_SELECTION_MODEL,COMPATIBLE_CANDIDATE,ASSOCIATION_OBSERVED,False,False,BIBLIOMETRIC;MULTIMODAL
