source_id,source_name,domain,data_types,geography,time_depth,access_route,access_class,linkage_keys,priority,primary_uses,major_limitations,current_status_2026_07_25,url
DS001,NHS England National Secure Data Environment / Research SDE Network,Health administrative,Patient-level NHS datasets; linked national collections,England,Varies by dataset,Approved research project; NHS England SDE,RESTRICTED_TRE,NHS number/pseudonymous patient keys; dates; provider codes,P0,Core linkage environment for national health records,"Legal basis, project approval, minimisation and disclosure controls required",SDE is the strategic default route for approved research access,https://www.england.nhs.uk/about/protecting-and-safely-using-data-in-the-new-nhs-england/
DS002,Hospital Episode Statistics (HES),Health administrative,Admissions; outpatients; historical A&E; critical care; diagnoses; procedures,England,APC from 1997; other modules later,NHS England SDE/DARS,RESTRICTED_TRE,NHS number-derived pseudonym; DOB; sex; postcode-derived geography; provider,P0,"Healthcare utilisation, diagnoses, procedures, service transitions, outcomes",Administrative coding; changing coding practice; not direct measure of subjective experience,Current catalogue lists SDE/extract access and ongoing coverage,https://digital.nhs.uk/services/data-access-request-service-dars/dars-products-and-services/data-set-catalogue/hospital-episode-statistics
DS003,Mental Health Services Data Set (MHSDS),Mental health administrative,Patient-level contacts; diagnoses; care events; children/adults; autism/LD services,England,Expanded scope from 2016; archived predecessor specifications,NHS England data access / SDE; published monthly aggregates,RESTRICTED_TRE,Pseudonymous patient identifiers; dates; provider; diagnosis/assessment codes,P0,"Psychiatric comorbidity, neurodevelopment, service contact, referral/assessment pathways",Coverage/submission completeness changes over time; service scope changes,MHSDS v6.0 current; archived specifications available,https://digital.nhs.uk/data-and-information/data-collections-and-data-sets/data-sets/mental-health-services-data-set/about
DS004,OpenSAFELY,Primary care + linked NHS,GP diagnoses; symptoms; prescriptions; tests; referrals; demographics; HES; deaths,England,Longitudinal EHR; exact availability varies,Approved OpenSAFELY project executed inside secure EHR environments,RESTRICTED_TRE,Platform pseudonymous patient linkage,P0,"Primary-care temporality, comorbidity, medication, referral and hospital linkage",Project eligibility/access scope; variables depend on source system,TPP/EMIS primary care plus hospital/death datasets documented,https://docs.opensafely.org/data-sources/
DS005,Clinical Practice Research Datalink (CPRD),Primary care research,Longitudinal GP EHR with linkages to secondary care and other datasets,UK/England-heavy,Historical longitudinal,CPRD research application and data access,RESTRICTED_LICENSED,Pseudonymous patient linkage; dates; practice,P1,Independent replication of primary-care temporal models,"Fees, protocol approval, representativeness and linkage eligibility",Established research route; verify current data availability during application,https://www.cprd.com/
DS006,Health Data Research Gateway,Dataset discovery,"Metadata catalogue for UK health and linked datasets, software, projects",UK,Current catalogue,Search/discover then apply to custodian,DISCOVERY_PORTAL,Dataset-specific,P0,Source discovery and avoidance of duplicate acquisition effort,Gateway metadata not itself analytic patient data,Active gateway for dataset discovery and access requests,https://healthdatagateway.org/en
DS007,Our Future Health,Prospective cohort,Questionnaires; clinic measures; geographies; genotype; linked NHS records,UK adults,Prospective; current releases,Registered researcher + Access Board + TRE,RESTRICTED_TRE,Participant ID; NHS linkage within TRE,P1,"Adult population replication, genetics, health history, geography",Adults only; consented cohort; topic must fit public-good health research,May 2026 release >2m baseline questionnaires; quarterly releases,https://research.ourfuturehealth.org.uk/
DS008,UK Biobank,Prospective cohort,Genetics; imaging; biomarkers; lifestyle; linked health records,UK adults,Recruitment 2006-2010 onward follow-up,Eligible researcher application; Research Analysis Platform,RESTRICTED_TRE,Participant ID; linked health data,P2,Adult health/genetic analyses and external replication,Older recruitment age; selection; applications paused until later 2026,New applications paused; phased RAP reopening planned from Sep 2026,https://www.ukbiobank.ac.uk/use-our-data/
DS009,Genomics England National Genomic Research Library,Genomic + clinical,Whole genomes; phenotypes; longitudinal clinical data; linked HES/mental health,England/UK NHS participants,100k Genomes + NHS GMS ongoing,Join Research Network; approved project in Research Environment,RESTRICTED_TRE,Participant/genomic IDs; linked clinical keys,P2,Genomic/family biology hypotheses and phenotype linkage,Rare disease/cancer ascertainment; not population representative,140k+ genomes with linked clinical datasets in secure RE,https://www.genomicsengland.co.uk/research/data
DS010,Public Health Scotland eDRIS / National Safe Haven,Health administrative,Scottish health datasets and linkable administrative records,Scotland,Dataset-specific,eDRIS application; National Safe Haven,RESTRICTED_TRE,CHI/pseudonymous linkage where approved; dates; geography,P1,Cross-jurisdiction replication and natural experiments,Scottish coding/service differences; approvals,Active National Safe Haven and eDRIS support,https://publichealthscotland.scot/resources-and-tools/health-intelligence-and-data-management/electronic-data-research-and-innovation-service-edris/national-safe-haven-nsh/
DS011,SAIL Databank,Linked administrative,"Health, education and other Welsh administrative datasets in TRE",Wales,"Longitudinal, dataset-specific",Project application and SAIL Gateway,RESTRICTED_TRE,Anonymous Linking Field; event dates; geography,P1,Cross-domain health-education linkage and Welsh comparator,Dataset availability/project approval; jurisdiction differences,Active research access service,https://saildatabank.com/services/
DS012,HSC Northern Ireland Honest Broker Service,Health administrative,Routine HSC administrative health/social-care records,Northern Ireland,Dataset-specific,Approved project via HBS SDE,RESTRICTED_TRE,HSC pseudonymous linkage,P2,Northern Ireland comparator and service pathway analysis,Availability and governance; smaller population,HBS is NI health/social-care SDE,https://bso.hscni.net/directorates/digital/honest-broker-service/
DS013,ONS Secure Research Service / IDS,Government administrative + survey,De-identified unpublished government datasets; linked products,UK,Dataset-specific,Accredited/approved researcher + project accreditation,RESTRICTED_TRE,Dataset-specific person/household/geography keys,P0,"Population, education, labour-market, census and cross-government linkage",Accreditation and safe-setting rules,SRS active; IDS transition underway; 868 current projects in Jul 2026,https://www.ons.gov.uk/aboutus/whatwedo/statistics/requestingstatistics/secureresearchservice/aboutthesecureresearchservice
DS014,ONS Census 2021 gender identity datasets,Population census,Gender identity responses; demographics; geography; quality diagnostics,England and Wales,2021 cross-section,Open aggregate downloads; secure microdata via approved routes where available,OPEN_AGGREGATE,Geography; census dimensions,P0,"Population distribution, measurement-quality analysis, geographic patterns",First census question; ONS warns of elevated uncertainty/respondent interpretation issues,Official statistics in development; additional uncertainty guidance published,https://www.ons.gov.uk/peoplepopulationandcommunity/culturalidentity/genderidentity
DS015,GP Patient Survey,Population/primary-care survey,Patient experience; demographics; gender identity/sex questions; geography/practice aggregates,England,Annual; new time series from 2024,Open published CSV/Excel; potential controlled microdata subject to custodian,OPEN_AGGREGATE,Practice/ICS/region; survey weights,P0,Independent population comparator and measurement analysis,Survey nonresponse; question interpretation under review,2026 official results published 9 Jul 2026,https://www.gp-patient.co.uk/latest-survey/results
DS016,National Pupil Database (NPD),Education administrative,Attainment; demographics; absence/exclusion; children in need/looked after,England,Longitudinal school cohorts,DfE data application; secure access conditions,RESTRICTED_ADMIN,Unique pupil number / pseudonymous learner keys; school; geography,P0,"School environment, education outcomes, policy timing and linkage",Gender-identity variables may be absent; exposure often must be derived externally,NPD discovery tool active,https://www.find-npd-data.education.gov.uk/
DS017,Longitudinal Education Outcomes (LEO),Linked education-labour administrative,"Education linked to employment, benefits and earnings",England,Large historical cohorts,Approved researcher via ONS SRS,RESTRICTED_TRE,De-identified person-level relational keys,P2,Long-run education/labour outcomes; policy spillovers,Not a direct clinical or identity dataset,Standard extract available to approved researchers; updated May/Jun 2026,https://www.gov.uk/guidance/apply-to-access-the-longitudinal-education-outcomes-leo-dataset
DS018,Millennium Cohort Study (MCS),Birth cohort,"Development, family, mental health, education, peers, social context; linked/genetic modules",UK,Born 2000-02; repeated sweeps to age 23,UK Data Service; secure/special licence for sensitive modules,MIXED_ACCESS,Cohort participant IDs; sweep dates; linkage modules,P0,"Developmental trajectories, temporality, family/peer/neurodevelopmental covariates",Attrition; variable wording changes; sensitive modules restricted,Age-23 Sweep 8 secure-access release updated Jun 2026,https://doc.ukdataservice.ac.uk/doc/9510/mrdoc/UKDA/UKDA_Study_9510_Information.htm
DS019,Understanding Society (UKHLS),Household panel,"Annual household/individual social, economic, health and family variables",UK,Longitudinal annual waves,UK Data Service,MIXED_ACCESS,Person/household IDs; wave; geography under licence,P1,"Population trends, family context, longitudinal social factors",Relevant gender measures vary by wave; attrition/design effects,Wave 15 available Jan 2026,https://ukdataservice.ac.uk/2026/01/27/understanding-society-wave-15-data-now-available-from-the-uk-data-service/
DS020,ALSPAC,Birth cohort,"Development, mental health, family, biology, genetics, questionnaires, clinics",Avon/UK,Families followed since 1991,Research proposal to ALSPAC Executive; fees may apply,RESTRICTED_COHORT,Participant/family IDs; repeated measures,P0,Deep developmental temporality and psychometric analyses,Regional cohort; attrition; question availability must be checked,Research access open to proposals,https://www.bristol.ac.uk/alspac/researchers/access/
DS021,Born in Bradford,Birth/family cohort,"Health, development, education, family, environment, linked records","Bradford, England",Longitudinal,Expression of interest + governance review,RESTRICTED_COHORT,Participant/family/linkage IDs,P1,Developmental and socio-cultural heterogeneity; linked health/education,Regional population and governance constraints,Active access route and data dictionary,https://borninbradford.nhs.uk/our-data/how-to-access-data/
DS022,Ofcom Children and Parents: Media Use and Attitudes,Media exposure survey,"Children/parent media use, platforms, behaviours, attitudes",UK,Annual; long-running series,"Open reports, questionnaires, tables/technical resources",OPEN,Survey year; age; demographic strata,P0,Population digital-exposure trends and platform adoption,Mostly self-report; not topic-specific exposure logs,2026 report published 21 May 2026,https://www.ofcom.org.uk/media-use-and-attitudes/media-habits-children/childrens
DS023,Ofcom Children Online Experiences research programme,Digital exposure/behaviour,Online safety tracker; passive measurement; insight panel; media-use datasets,UK,Current programme,Published research; request underlying data where offered,MIXED_ACCESS,Study-specific participant IDs/time,P1,Passive digital exposure and persuasive-design context,Access to raw passive measurement may be restricted; not specifically gender-content coded,2026 synthesis published 21 May 2026,https://www.ofcom.org.uk/online-safety/protecting-children/childrens-online-experiences-research-report
DS024,Google Trends API Alpha,Search behaviour,"Aggregated search interest by term, time and region",Global/UK,Rolling 5 years in alpha API,Apply for alpha API access,APPLICATION_API,Query term; time; region,P1,Population-level search-interest timing and change points,Ecological data; search intent ambiguous; alpha access; only rolling 5 years,Alpha applications open in 2026,https://developers.google.com/search/apis/trends
DS025,YouTube Data API,Public platform metadata,"Videos, channels, playlists; searchable snippets; comments via separate endpoints",Global,Platform history subject to API availability,Google developer project/API quota,PUBLIC_API_LIMITED,Video/channel IDs; publication time; query,P1,"Content diffusion, terminology, creator/network analysis",Recommendation exposure not observed; API quotas; deleted/private content missing,Current API documentation updated 2026,https://developers.google.com/youtube/v3/docs/search/list
DS026,TikTok Research API,Public platform research data,"Public videos, comments, accounts, engagement and metadata for qualifying research",Eligible regions incl Europe,Platform period available under tool,Qualifying not-for-profit researcher application,RESTRICTED_RESEARCH_API,Video/account IDs; timestamps; public metadata,P1,Content/term diffusion and network studies,Eligibility; public content only; recommendation exposure still not equivalent to observed user exposure,Research Tools available to qualifying European researchers,https://developers.tiktok.com/products/research-api/
DS027,Reddit Data API,Public/community platform data,Posts/comments/account/community data subject to approval and terms,Global,Platform history subject to access,Approval required; separate agreement for some research/volume,RESTRICTED_API,Post/comment/subreddit IDs; timestamps,P2,Community discourse and diffusion where lawfully approved,Access approval uncertain; terms restrict retention/use and AI training without rights,Terms revised 20 Jul 2026; no self-assumed access,https://redditinc.com/policies/data-api-terms
DS028,GDELT 2.0,Global news/media,"Events, article mentions, Global Knowledge Graph, multilingual news features",Global,1979+ event products; 2.0 contemporary high-frequency,Open bulk data/APIs,OPEN,Article/event IDs; time; source; location,P1,"Media attention, framing proxies, temporal diffusion",Automated coding/coverage biases; not substitute for full-text licensed corpus,2.0 updates every 15 minutes,https://www.gdeltproject.org/data.html
DS029,UK Government Web Archive,Government historical corpus,Archived UK government websites and some social channels; snapshots; exportable search metadata,UK,"Mostly 2003 onward, some earlier",Open web archive; search export up to first 10k per query,OPEN_ARCHIVE,URL; timestamp; host; digest,P0,"Historical policy/guidance corpus, semantic and change-point analysis","Capture gaps, dynamic content limitations, third-party copyright",Active archive; CSV/JSON/NDJSON search export supported,https://www.nationalarchives.gov.uk/webarchive/find-a-website/how-to-find-an-archived-website/
DS030,GOV.UK publications and consultations,Policy/government corpus,"Guidance, consultations, equality analyses, policy papers, updates",UK/England,Historical versions + current,Open; archive versions via UKGWA,OPEN,URL; publication/update date; department,P0,"Policy timelines, educational guidance, institutional change",Publication dates differ from implementation; must version documents,Current DfE/NHS/DHSC materials available,https://www.gov.uk/
DS031,UK Parliament Hansard,Parliamentary discourse/policy,"Debates, written statements, questions, proceedings",UK,Long historical coverage,Open Hansard search/download; API availability should be verified per workflow,OPEN,"Member, date, debate/question identifiers",P1,"Policy discourse, terminology diffusion, legislative chronology",Speech is political discourse not evidence of social/clinical mechanism,Current official Hansard portal,https://hansard.parliament.uk/
DS032,legislation.gov.uk,Legal/policy corpus,"Acts, statutory instruments, revisions and metadata",UK,Historical/current,Open web/XML where provided,OPEN,legislation identifiers; dates,P1,Legal regime change and intervention dates,Law-on-books may differ from implementation,Official legislation repository,https://www.legislation.gov.uk/
DS033,OpenAlex,Academic meta-research,"Works, authors, institutions, funders, topics, citations, retraction flags, IDs",Global,Large historical scholarly graph,API key / snapshots,OPEN_API,"DOI, PMID, ORCID, ROR, OpenAlex IDs",P0,Publication/citation/funding/institution networks and lineage,Metadata/coverage/classifier errors; citations not validity,API + snapshots active; 2026 stats show hundreds of millions of works,https://developers.openalex.org/
DS034,Crossref REST API,Academic metadata,"DOIs, bibliographic metadata, funding, licences, updates, ORCID/ROR, abstracts where supplied",Global,DOI era + backfiles,Open REST API,OPEN_API,DOI; ORCID; ROR; funder IDs,P0,"Publication lineage, funders, corrections/retractions, metadata validation",Publisher-deposited metadata completeness varies,Production REST API active,https://www.crossref.org/documentation/retrieve-metadata/rest-api/
DS035,Europe PMC,Biomedical literature/grants,"Articles, preprints, citations, biomedical full text where open; grant records",Global biomedical,Historical + current,Open REST APIs,OPEN_API,PMID/PMCID/DOI; grant IDs,P0,"Biomedical literature corpus, grants, study lineage",Biomedical focus; full text depends on access,REST literature and grants APIs active,https://europepmc.org/RestfulWebService
DS036,PubMed / NCBI E-utilities,Biomedical literature,"Publication metadata, MeSH, abstracts, linked records",Global biomedical,Historical + current,Public API with NCBI policy/key options,OPEN_API,PMID/DOI; MeSH,P0,Canonical biomedical search and term-history validation,No universal full text; indexing lag/changes,Active,https://www.ncbi.nlm.nih.gov/books/NBK25501/
DS037,ClinicalTrials.gov,Trial registry,"Study registration, interventions, outcomes, status, results where posted",Global,Historical + current,Open REST API v2 / downloads,OPEN_API,NCT ID; sponsor; dates,P0,"Registered-vs-published comparison, outcome switching, intervention evidence",Not all UK/non-US studies registered; registry completeness varies,Modernised API active since Aug 2025,https://clinicaltrials.gov/data-api/api
DS038,ISRCTN Registry,Trial registry,UK/international clinical study registrations,International/UK strong,Historical/current,Public search; API/bulk access subject to registry terms,PUBLIC_WEB,ISRCTN ID; sponsor; dates,P1,UK trial registration and publication matching,Programmatic access may require arrangement,Active registry,https://www.isrctn.com/
DS039,WHO ICTRP,Trial registry aggregator,International trial registrations aggregated from primary registries,Global,Historical/current,WHO search/download terms,PUBLIC_WEB,Trial IDs; registry; sponsor,P1,Broader trial ascertainment and duplicate registry matching,Access/bulk conditions; deduplication needed,Active WHO registry platform,https://trialsearch.who.int/
DS040,PROSPERO,Systematic review registry,Prospective registrations and amendments for systematic reviews,Global,2011+ broadly,Public search; bulk/API availability limited,PUBLIC_WEB,CRD ID; authors; dates,P1,Registered-vs-published systematic review analysis,Not peer review; coverage rules changed over time,Active prospective register,https://www.crd.york.ac.uk/prospero/
DS041,OSF Registries,Preregistration/open science,"Time-stamped preregistrations, registrations, linked project files",Global,Current/historical OSF,Public records/API where available; respect privacy/embargo,MIXED_ACCESS,OSF registration/project IDs; DOI,P1,"Researcher degrees of freedom, preregistration/publication comparison",Private/embargoed registrations unavailable; heterogeneous templates,Active registration infrastructure,https://help.osf.io/article/330-welcome-to-registrations
DS042,UKRI Gateway to Research,Research funding,"UKRI projects, grants, organisations, people/output links",UK,Historical/current UKRI funding,Open website + APIs,OPEN_API,Project IDs; organisation; investigator; dates,P0,"Funding network, institutional diffusion and topic changes",UKRI-funded research only; organisation duplicates noted,GtR guide/API current with Apr 2026 update,https://gtr.ukri.org/resources/gtrapi2.html
DS043,Crossref Retraction Watch data,Research integrity,"Retractions, corrections, expressions of concern, reasons, institutions, authors",Global,Historical/current,Crossref REST API + public GitLab CSV,OPEN,DOI/PMID/title/author,P0,Integrity filtering and post-publication correction state,Retractions are not complete proxy for quality; correction coverage less comprehensive,Production API + working-day-updated CSV,https://www.crossref.org/documentation/retrieve-metadata/retraction-watch/
DS044,Web of Science / Scopus / Dimensions,Academic bibliometrics,Citation/index metadata and analytics,Global,Historical/current,Institutional/commercial licence,LICENSED,DOI; author/institution IDs,P2,Sensitivity replication of OpenAlex-based bibliometrics,"Cost, proprietary coverage and licences","Use as paid sensitivity/coverage check, not sole source",https://www.webofscience.com/
DS045,NICE guidance and evidence reviews,Clinical guideline corpus,"Guidelines, evidence reviews, surveillance and methods documents",England/UK influence,Historical/current,Open web; some licensed source material referenced,OPEN_CORPUS,Guideline IDs; dates; citations,P0,"Clinical doctrine, evidence ancestry and policy change",Guideline recommendation != causal truth; version control needed,Current NICE website/methods framework,https://www.nice.org.uk/
DS046,NHS England gender-services publication corpus,Clinical policy/service corpus,"Service specifications, clinical policies, reviews, implementation reports",England,2010s-current plus archives,Open NHS England website + UKGWA for historical captures,OPEN_CORPUS,Publication date/version; service/provider,P0,"Service-regime change, referral architecture, recommendation tracing",Policy publication date not same as implementation/exposure,New CYP service specification published 1 Apr 2026,https://www.england.nhs.uk/publication/?filter-category=gender-identity
DS047,NHS adult Gender Dysphoria Clinic public waiting/referral statistics,Service operational,"Waiting lists, referrals, first assessments, discharges/appointments by clinic",England,Varies by clinic; increasingly monthly,Open provider websites; FOI for historical gaps,OPEN_AGGREGATE,Clinic; month; referral cohort,P0,Ascertainment/service-capacity decomposition and geographic/service comparisons,Definitions differ by clinic/time; public series incomplete,Multiple clinics publish current 2026 statistics,https://www.northlondonmentalhealth.nhs.uk/service-details/service/gender-identity-clinic-gic-292/
DS048,Cass Review / NHS implementation research programme,Evidence/policy corpus,"Review, recommendations, commissioned systematic reviews, implementation research plans",England/UK relevance,2020-2026,Open publications; underlying linked study subject to governance,MIXED_ACCESS,Recommendation/study IDs; citations; dates,P0,"Hypothesis generation, evidence gaps, policy timeline, planned linkage study",Review is not a dataset and should not dictate causal coefficients,NHS England continuing research programme and linkage study,https://www.england.nhs.uk/long-read/children-and-young-peoples-gender-services-implementing-the-cass-review-recommendations/
DS049,DSM editions / APA diagnostic manuals,Historical nosology,"Diagnostic criteria, terminology and explanatory text",International,DSM historical editions,Purchase/library/licence; quotations/corpus use subject to copyright,LICENSED_CORPUS,Edition; year; diagnosis/criterion identifiers,P0,Historical diagnostic/semantic change,Copyright; edition-specific conceptual context; not patient-level data,Acquire lawful licensed copies for corpus coding,https://www.psychiatry.org/psychiatrists/practice/dsm
DS050,WHO ICD historical/current classifications,Historical nosology,"Diagnostic classification, coding and terminology across ICD editions",Global,Historical through ICD-11,WHO classification resources/licensing terms,MIXED_ACCESS,ICD code; version; effective date,P0,Nosological change and coding-era harmonisation,Coding adoption dates vary by country; classification change != patient change,Use edition/version-specific corpus,https://www.who.int/standards/classifications/classification-of-diseases
DS051,Wellcome Collection / medical archives,Historical medicine,"Digitised books, journals, archives, personal/institutional collections",UK/international,Long historical,Open catalogue; reading room/digitised access subject to rights,ARCHIVE_MIXED,Catalogue IDs; dates; creators,P2,Historical psychiatry/professional discourse context,Selection/copyright and incomplete digitisation,Use as qualitative/historical supplement,https://wellcomecollection.org/collections
DS052,British Library / UK Web Archive / newspaper collections,Historical/media corpus,"Newspapers, periodicals, websites and archived digital publications",UK,Long historical,Reading-room/licensed databases; UK Web Archive access rules,LICENSED_ARCHIVE,Publication/date/title/URL,P1,Long-run media framing and public discourse,"Copyright, access location and digitisation coverage",Plan licensed corpus access through partner institution,https://www.bl.uk/
DS053,Commercial news corpora (LexisNexis / Factiva),Media corpus,"Full-text newspapers, magazines, wires and metadata",Global/UK,Decades,Institutional/commercial subscription,LICENSED,Article IDs; publication/date,P1,Replicable full-text content/discourse/framing analysis,Cost/licence and database coverage differences,Acquire through university/library partnership if available,https://www.lexisnexis.co.uk/
DS054,DfE RSHE statutory guidance corpus,Education policy,Relationships/sex/health education guidance and versions,England,"2019-current, archives for prior",Open GOV.UK + UKGWA,OPEN_CORPUS,Publication/effective date; section,P0,Educational policy change-point and implementation hypotheses,National guidance does not measure school-level implementation,Revised guidance scheduled for introduction 1 Sep 2026,https://www.gov.uk/government/publications/relationships-education-relationships-and-sex-education-rse-and-health-education
DS055,DfE Keeping Children Safe in Education (KCSIE) corpus,Education/safeguarding policy,"Annual statutory safeguarding guidance, consultation responses, versions",England,Annual versions,Open GOV.UK + UKGWA,OPEN_CORPUS,Version/effective date; section,P0,Safeguarding/social-transition policy regime analysis,Policy text != implementation; 2026 version not in force until 1 Sep 2026,2026 version published 7 Jul 2026 for future commencement,https://www.gov.uk/government/publications/keeping-children-safe-in-education--2
DS056,School-level policies and curricula,Education implementation,"School RSHE policies, safeguarding policies, curriculum materials, external-provider materials",England/UK,Web snapshots/current; variable,School websites; trust sites; FOI; archives; direct research collection,MIXED_ACCESS,School/academy trust; date/version; local authority,P0,Measure actual implementation/exposure rather than national policy existence,"Highly heterogeneous, missing historical versions, copyright/privacy",Requires purpose-built collection and versioned archive,
DS057,Freedom of Information acquisition programme,Administrative discovery,"Unpublished referral counts, policy versions, training materials, contracts, implementation dates",UK public bodies,Historical/current,FOIA 2000 / FOISA routes; publication schemes,REQUEST_BASED,Authority; request ID; date; document metadata,P1,Fill historical administrative/policy gaps,"Refusals, cost limits, inconsistent definitions, response bias",Use only where existing open/admin sources insufficient,https://www.gov.uk/make-a-freedom-of-information-request
DS058,Professional-body guideline corpus,Professional practice,"Guidelines, position statements, training materials, consultation responses",UK/international,Historical/current,Public web + archives + library copies,MIXED_ACCESS,Organisation; version; date; citation lineage,P0,"Professional diffusion, doctrine change, guideline ancestry",Availability/copyright; public statement not identical to practice,Build versioned corpus across relevant organisations,
DS059,ORCID + ROR,Identity/institution metadata,Researcher identifiers and organisation identifiers,Global,Current/history where recorded,Open APIs/datasets subject to terms,OPEN_API,ORCID; ROR,P1,Author/institution disambiguation in academic networks,Coverage incomplete; affiliation dates may be partial,Use as entity-resolution layer,https://ror.org/
DS060,Internet Archive / Wayback Machine,Web historical corpus,Archived websites and documents beyond UK government,Global,1990s-current,Public access/APIs subject to terms and robots/capture,OPEN_ARCHIVE,URL; capture timestamp,P2,Historical NGO/professional/school/media web content,Capture gaps; rights; robots exclusions; authenticity/version checks needed,Supplement UKGWA and institutional archives,https://archive.org/web/
DS061,NHS CYP Gender Service core national dataset (future/operational),Prospective clinical research,"Core clinical, assessment, intervention and outcome data across new regional services",England,New service era from 2024/2026 onward,NHS England research governance / provider collaborative / research programme,RESTRICTED_TRE,NHS number/pseudonymous patient; service; dates,P0,"Prospective longitudinal cohort, service standardisation, outcomes",Availability to external OSLT project not guaranteed; exact data dictionary must be obtained,Cass implementation commits to core national dataset and research infrastructure,https://www.england.nhs.uk/long-read/children-and-young-peoples-gender-services-implementing-the-cass-review-recommendations/
DS062,Historical GIDS records / NHS England linked follow-up study,Historical clinical linkage,Former Tavistock GIDS records linked to adult outcomes where authorised,England,Historical GIDS cohorts,NHS England/KCL/SLaM governed research study; not general open dataset,RESTRICTED_STUDY,NHS number including authorised linkage across number change; dates,P0,Long-term outcomes and historical cohort reconstruction,Access depends on study governance; selection/missing follow-up; cannot assume availability,NHS England states responsibility for completing linkage study,https://www.england.nhs.uk/long-read/children-and-young-peoples-gender-services-implementing-the-cass-review-recommendations/
DS063,Local authority / ICB / provider policy and commissioning archives,Institutional/service,"Local implementation dates, service specs, contracts, pathways, training, audits",UK local/regional,Historical/current,"Web, board papers, publication schemes, FOI, archives",MIXED_ACCESS,Organisation; geography; date/version,P1,Natural experiments and implementation heterogeneity,Inconsistent documentation and boundary changes,Purpose-built collection required,
DS064,Researcher-authored primary qualitative corpus,Qualitative/narrative,"Interviews, longitudinal narratives, clinician/patient discourse, vignettes",Study-specific,Prospective,Ethics-approved primary data collection,PRIMARY_RESEARCH,Participant pseudonym; interview time; cohort linkage where consented,P0,"Narrative, psychodynamic, discourse, conversation and mechanism testing",Requires consent/ethics; interpretive outputs cannot self-establish causality,Design after secondary-data gap analysis,
DS065,Preregistered experimental vignette / framing studies,Experimental,Randomised A/B/n or factorial vignettes with controlled framing manipulations,Study-specific,Prospective,Ethics-approved primary experiment; preregistration,PRIMARY_RESEARCH,Randomisation ID; arm; outcome; participant covariates,P0,Direct tests of evaluative/framing effects in reviewers/clinicians/adults,External validity; ethical limits; cannot randomise harmful clinical care or children without strong justification,Design after observational hypotheses are specified,
