source_id,source_name,workstream_domain,priority,access_class,harvest_mode,initial_harvest_scope,incremental_refresh,approval_or_licence_requirements,raw_data_export_policy,linkage_keys_or_join_strategy,minimum_metadata_to_capture,quality_checks,major_limitations,current_status,canonical_url,harvest_state
DS001,NHS England National Secure Data Environment / Research SDE Network,Health administrative,P0,RESTRICTED_TRE,CODE_TO_DATA_OR_CONTROLLED_EXPORT,Varies by dataset,At each official release/approved project refresh,Institutional sponsorship/public-benefit project; researcher accreditation/training as required; data-owner/DAC approval; ethics where applicable,NO: raw person-level data remain in approved secure environment; export only disclosure-checked results,NHS number/pseudonymous patient keys; dates; provider codes,source version/release; query/filter; retrieval timestamp; licence/approval; file/API response hash; field/codebook version; transformation log,coverage; missingness; duplicates; definition drift; temporal completeness; provenance; dependency; representativeness; disclosure risk,"Legal basis, project approval, minimisation and disclosure controls required",Verified 2026-07-25: NHS England states SDEs will become the standard route for approved research access; Five Safes.,https://www.england.nhs.uk/about/protecting-and-safely-using-data-in-the-new-nhs-england/,NOT_YET_ACQUIRED
DS002,Hospital Episode Statistics (HES),Health administrative,P0,RESTRICTED_TRE,CODE_TO_DATA_OR_CONTROLLED_EXPORT,APC from 1997; other modules later,At each official release/approved project refresh,Institutional sponsorship/public-benefit project; researcher accreditation/training as required; data-owner/DAC approval; ethics where applicable,NO: raw person-level data remain in approved secure environment; export only disclosure-checked results,NHS number-derived pseudonym; DOB; sex; postcode-derived geography; provider,source version/release; query/filter; retrieval timestamp; licence/approval; file/API response hash; field/codebook version; transformation log,coverage; missingness; duplicates; definition drift; temporal completeness; provenance; dependency; representativeness; disclosure risk,Administrative coding; changing coding practice; not direct measure of subjective experience,Current catalogue lists SDE/extract access and ongoing coverage,https://digital.nhs.uk/services/data-access-request-service-dars/dars-products-and-services/data-set-catalogue/hospital-episode-statistics,NOT_YET_ACQUIRED
DS003,Mental Health Services Data Set (MHSDS),Mental health administrative,P0,RESTRICTED_TRE,CODE_TO_DATA_OR_CONTROLLED_EXPORT,Expanded scope from 2016; archived predecessor specifications,At each official release/approved project refresh,Institutional sponsorship/public-benefit project; researcher accreditation/training as required; data-owner/DAC approval; ethics where applicable,NO: raw person-level data remain in approved secure environment; export only disclosure-checked results,Pseudonymous patient identifiers; dates; provider; diagnosis/assessment codes,source version/release; query/filter; retrieval timestamp; licence/approval; file/API response hash; field/codebook version; transformation log,coverage; missingness; duplicates; definition drift; temporal completeness; provenance; dependency; representativeness; disclosure risk,Coverage/submission completeness changes over time; service scope changes,MHSDS v6.0 current; archived specifications available,https://digital.nhs.uk/data-and-information/data-collections-and-data-sets/data-sets/mental-health-services-data-set/about,NOT_YET_ACQUIRED
DS004,OpenSAFELY,Primary care + linked NHS,P0,RESTRICTED_TRE,CODE_TO_DATA_OR_CONTROLLED_EXPORT,Longitudinal EHR; exact availability varies,Study-specific,Institutional sponsorship/public-benefit project; researcher accreditation/training as required; data-owner/DAC approval; ethics where applicable,NO: raw person-level data remain in approved secure environment; export only disclosure-checked results,Platform pseudonymous patient linkage,source version/release; query/filter; retrieval timestamp; licence/approval; file/API response hash; field/codebook version; transformation log,coverage; missingness; duplicates; definition drift; temporal completeness; provenance; dependency; representativeness; disclosure risk,Project eligibility/access scope; variables depend on source system,Verified 2026-07-25: OpenSAFELY supports non-COVID research and code-to-data analysis across >95% England NHS patient population via two major EHR providers.,https://docs.opensafely.org/data-sources/,NOT_YET_ACQUIRED
DS005,Clinical Practice Research Datalink (CPRD),Primary care research,P1,RESTRICTED_LICENSED,LICENSED_OR_APPROVED_ACCESS,Historical longitudinal,Study-specific,Provider application/licence and project approval; check user eligibility,Only as permitted by licence/terms; preserve original and derived copies separately,Pseudonymous patient linkage; dates; practice,source version/release; query/filter; retrieval timestamp; licence/approval; file/API response hash; field/codebook version; transformation log,coverage; missingness; duplicates; definition drift; temporal completeness; provenance; dependency; representativeness; disclosure risk,"Fees, protocol approval, representativeness and linkage eligibility",Established research route; verify current data availability during application,https://www.cprd.com/,NOT_YET_ACQUIRED
DS006,Health Data Research Gateway,Dataset discovery,P0,DISCOVERY_PORTAL,SOURCE_SPECIFIC,Current catalogue,Study-specific,Verify licence/terms; document lawful basis and permitted reuse,Only as permitted by licence/terms; preserve original and derived copies separately,Dataset-specific,source version/release; query/filter; retrieval timestamp; licence/approval; file/API response hash; field/codebook version; transformation log,coverage; missingness; duplicates; definition drift; temporal completeness; provenance; dependency; representativeness; disclosure risk,Gateway metadata not itself analytic patient data,Active gateway for dataset discovery and access requests,https://healthdatagateway.org/en,NOT_YET_ACQUIRED
DS007,Our Future Health,Prospective cohort,P1,RESTRICTED_TRE,CODE_TO_DATA_OR_CONTROLLED_EXPORT,Prospective; current releases,At each official release/approved project refresh,Institutional sponsorship/public-benefit project; researcher accreditation/training as required; data-owner/DAC approval; ethics where applicable,NO: raw person-level data remain in approved secure environment; export only disclosure-checked results,Participant ID; NHS linkage within TRE,source version/release; query/filter; retrieval timestamp; licence/approval; file/API response hash; field/codebook version; transformation log,coverage; missingness; duplicates; definition drift; temporal completeness; provenance; dependency; representativeness; disclosure risk,Adults only; consented cohort; topic must fit public-good health research,May 2026 release >2m baseline questionnaires; quarterly releases,https://research.ourfuturehealth.org.uk/,NOT_YET_ACQUIRED
DS008,UK Biobank,Prospective cohort,P2,RESTRICTED_TRE,CODE_TO_DATA_OR_CONTROLLED_EXPORT,Recruitment 2006-2010 onward follow-up,At each official release/approved project refresh,Institutional sponsorship/public-benefit project; researcher accreditation/training as required; data-owner/DAC approval; ethics where applicable,NO: raw person-level data remain in approved secure environment; export only disclosure-checked results,Participant ID; linked health data,source version/release; query/filter; retrieval timestamp; licence/approval; file/API response hash; field/codebook version; transformation log,coverage; missingness; duplicates; definition drift; temporal completeness; provenance; dependency; representativeness; disclosure risk,Older recruitment age; selection; applications paused until later 2026,New applications paused; phased RAP reopening planned from Sep 2026,https://www.ukbiobank.ac.uk/use-our-data/,NOT_YET_ACQUIRED
DS009,Genomics England National Genomic Research Library,Genomic + clinical,P2,RESTRICTED_TRE,CODE_TO_DATA_OR_CONTROLLED_EXPORT,100k Genomes + NHS GMS ongoing,Study-specific,Institutional sponsorship/public-benefit project; researcher accreditation/training as required; data-owner/DAC approval; ethics where applicable,NO: raw person-level data remain in approved secure environment; export only disclosure-checked results,Participant/genomic IDs; linked clinical keys,source version/release; query/filter; retrieval timestamp; licence/approval; file/API response hash; field/codebook version; transformation log,coverage; missingness; duplicates; definition drift; temporal completeness; provenance; dependency; representativeness; disclosure risk,Rare disease/cancer ascertainment; not population representative,140k+ genomes with linked clinical datasets in secure RE,https://www.genomicsengland.co.uk/research/data,NOT_YET_ACQUIRED
DS010,Public Health Scotland eDRIS / National Safe Haven,Health administrative,P1,RESTRICTED_TRE,CODE_TO_DATA_OR_CONTROLLED_EXPORT,Dataset-specific,At each official release/approved project refresh,Institutional sponsorship/public-benefit project; researcher accreditation/training as required; data-owner/DAC approval; ethics where applicable,NO: raw person-level data remain in approved secure environment; export only disclosure-checked results,CHI/pseudonymous linkage where approved; dates; geography,source version/release; query/filter; retrieval timestamp; licence/approval; file/API response hash; field/codebook version; transformation log,coverage; missingness; duplicates; definition drift; temporal completeness; provenance; dependency; representativeness; disclosure risk,Scottish coding/service differences; approvals,Active National Safe Haven and eDRIS support,https://publichealthscotland.scot/resources-and-tools/health-intelligence-and-data-management/electronic-data-research-and-innovation-service-edris/national-safe-haven-nsh/,NOT_YET_ACQUIRED
DS011,SAIL Databank,Linked administrative,P1,RESTRICTED_TRE,CODE_TO_DATA_OR_CONTROLLED_EXPORT,"Longitudinal, dataset-specific",At each official release/approved project refresh,Institutional sponsorship/public-benefit project; researcher accreditation/training as required; data-owner/DAC approval; ethics where applicable,NO: raw person-level data remain in approved secure environment; export only disclosure-checked results,Anonymous Linking Field; event dates; geography,source version/release; query/filter; retrieval timestamp; licence/approval; file/API response hash; field/codebook version; transformation log,coverage; missingness; duplicates; definition drift; temporal completeness; provenance; dependency; representativeness; disclosure risk,Dataset availability/project approval; jurisdiction differences,Active research access service,https://saildatabank.com/services/,NOT_YET_ACQUIRED
DS012,HSC Northern Ireland Honest Broker Service,Health administrative,P2,RESTRICTED_TRE,CODE_TO_DATA_OR_CONTROLLED_EXPORT,Dataset-specific,At each official release/approved project refresh,Institutional sponsorship/public-benefit project; researcher accreditation/training as required; data-owner/DAC approval; ethics where applicable,NO: raw person-level data remain in approved secure environment; export only disclosure-checked results,HSC pseudonymous linkage,source version/release; query/filter; retrieval timestamp; licence/approval; file/API response hash; field/codebook version; transformation log,coverage; missingness; duplicates; definition drift; temporal completeness; provenance; dependency; representativeness; disclosure risk,Availability and governance; smaller population,HBS is NI health/social-care SDE,https://bso.hscni.net/directorates/digital/honest-broker-service/,NOT_YET_ACQUIRED
DS013,ONS Secure Research Service / IDS,Government administrative + survey,P0,RESTRICTED_TRE,CODE_TO_DATA_OR_CONTROLLED_EXPORT,Dataset-specific,At each official release/approved project refresh,Institutional sponsorship/public-benefit project; researcher accreditation/training as required; data-owner/DAC approval; ethics where applicable,NO: raw person-level data remain in approved secure environment; export only disclosure-checked results,Dataset-specific person/household/geography keys,source version/release; query/filter; retrieval timestamp; licence/approval; file/API response hash; field/codebook version; transformation log,coverage; missingness; duplicates; definition drift; temporal completeness; provenance; dependency; representativeness; disclosure risk,Accreditation and safe-setting rules,Verified 2026-07-25: ONS SRS is a TRE for accredited/approved researchers; 149 datasets listed July 2026.,https://www.ons.gov.uk/aboutus/whatwedo/statistics/requestingstatistics/secureresearchservice/aboutthesecureresearchservice,NOT_YET_ACQUIRED
DS014,ONS Census 2021 gender identity datasets,Population census,P0,OPEN_AGGREGATE,DOCUMENT_OR_BULK_RETRIEVAL,2021 cross-section,At each official release/approved project refresh,Verify licence/terms; document lawful basis and permitted reuse,Only as permitted by licence/terms; preserve original and derived copies separately,Geography; census dimensions,source version/release; query/filter; retrieval timestamp; licence/approval; file/API response hash; field/codebook version; transformation log,coverage; missingness; duplicates; definition drift; temporal completeness; provenance; dependency; representativeness; disclosure risk,First census question; ONS warns of elevated uncertainty/respondent interpretation issues,Official statistics in development; additional uncertainty guidance published,https://www.ons.gov.uk/peoplepopulationandcommunity/culturalidentity/genderidentity,NOT_YET_ACQUIRED
DS015,GP Patient Survey,Population/primary-care survey,P0,OPEN_AGGREGATE,DOCUMENT_OR_BULK_RETRIEVAL,Annual; new time series from 2024,At each official release/approved project refresh,Verify licence/terms; document lawful basis and permitted reuse,Only as permitted by licence/terms; preserve original and derived copies separately,Practice/ICS/region; survey weights,source version/release; query/filter; retrieval timestamp; licence/approval; file/API response hash; field/codebook version; transformation log,coverage; missingness; duplicates; definition drift; temporal completeness; provenance; dependency; representativeness; disclosure risk,Survey nonresponse; question interpretation under review,2026 official results published 9 Jul 2026,https://www.gp-patient.co.uk/latest-survey/results,NOT_YET_ACQUIRED
DS016,National Pupil Database (NPD),Education administrative,P0,RESTRICTED_ADMIN,CODE_TO_DATA_OR_CONTROLLED_EXPORT,Longitudinal school cohorts,At each official release/approved project refresh,Institutional sponsorship/public-benefit project; researcher accreditation/training as required; data-owner/DAC approval; ethics where applicable,NO: raw person-level data remain in approved secure environment; export only disclosure-checked results,Unique pupil number / pseudonymous learner keys; school; geography,source version/release; query/filter; retrieval timestamp; licence/approval; file/API response hash; field/codebook version; transformation log,coverage; missingness; duplicates; definition drift; temporal completeness; provenance; dependency; representativeness; disclosure risk,Gender-identity variables may be absent; exposure often must be derived externally,Verified 2026-07-25: DfE NPD field discovery tool exposes dataset/field metadata before extract application.,https://www.find-npd-data.education.gov.uk/,NOT_YET_ACQUIRED
DS017,Longitudinal Education Outcomes (LEO),Linked education-labour administrative,P2,RESTRICTED_TRE,CODE_TO_DATA_OR_CONTROLLED_EXPORT,Large historical cohorts,At each official release/approved project refresh,Institutional sponsorship/public-benefit project; researcher accreditation/training as required; data-owner/DAC approval; ethics where applicable,NO: raw person-level data remain in approved secure environment; export only disclosure-checked results,De-identified person-level relational keys,source version/release; query/filter; retrieval timestamp; licence/approval; file/API response hash; field/codebook version; transformation log,coverage; missingness; duplicates; definition drift; temporal completeness; provenance; dependency; representativeness; disclosure risk,Not a direct clinical or identity dataset,Standard extract available to approved researchers; updated May/Jun 2026,https://www.gov.uk/guidance/apply-to-access-the-longitudinal-education-outcomes-leo-dataset,NOT_YET_ACQUIRED
DS018,Millennium Cohort Study (MCS),Birth cohort,P0,MIXED_ACCESS,LICENSED_OR_APPROVED_ACCESS,Born 2000-02; repeated sweeps to age 23,At each official release/approved project refresh,Provider application/licence and project approval; check user eligibility,Only as permitted by licence/terms; preserve original and derived copies separately,Cohort participant IDs; sweep dates; linkage modules,source version/release; query/filter; retrieval timestamp; licence/approval; file/API response hash; field/codebook version; transformation log,coverage; missingness; duplicates; definition drift; temporal completeness; provenance; dependency; representativeness; disclosure risk,Attrition; variable wording changes; sensitive modules restricted,Age-23 Sweep 8 secure-access release updated Jun 2026,https://doc.ukdataservice.ac.uk/doc/9510/mrdoc/UKDA/UKDA_Study_9510_Information.htm,NOT_YET_ACQUIRED
DS019,Understanding Society (UKHLS),Household panel,P1,MIXED_ACCESS,LICENSED_OR_APPROVED_ACCESS,Longitudinal annual waves,Study-specific,Provider application/licence and project approval; check user eligibility,Only as permitted by licence/terms; preserve original and derived copies separately,Person/household IDs; wave; geography under licence,source version/release; query/filter; retrieval timestamp; licence/approval; file/API response hash; field/codebook version; transformation log,coverage; missingness; duplicates; definition drift; temporal completeness; provenance; dependency; representativeness; disclosure risk,Relevant gender measures vary by wave; attrition/design effects,Wave 15 available Jan 2026,https://ukdataservice.ac.uk/2026/01/27/understanding-society-wave-15-data-now-available-from-the-uk-data-service/,NOT_YET_ACQUIRED
DS020,ALSPAC,Birth cohort,P0,RESTRICTED_COHORT,LICENSED_OR_APPROVED_ACCESS,Families followed since 1991,At each official release/approved project refresh,Provider application/licence and project approval; check user eligibility,Only as permitted by licence/terms; preserve original and derived copies separately,Participant/family IDs; repeated measures,source version/release; query/filter; retrieval timestamp; licence/approval; file/API response hash; field/codebook version; transformation log,coverage; missingness; duplicates; definition drift; temporal completeness; provenance; dependency; representativeness; disclosure risk,Regional cohort; attrition; question availability must be checked,Research access open to proposals,https://www.bristol.ac.uk/alspac/researchers/access/,NOT_YET_ACQUIRED
DS021,Born in Bradford,Birth/family cohort,P1,RESTRICTED_COHORT,LICENSED_OR_APPROVED_ACCESS,Longitudinal,At each official release/approved project refresh,Provider application/licence and project approval; check user eligibility,Only as permitted by licence/terms; preserve original and derived copies separately,Participant/family/linkage IDs,source version/release; query/filter; retrieval timestamp; licence/approval; file/API response hash; field/codebook version; transformation log,coverage; missingness; duplicates; definition drift; temporal completeness; provenance; dependency; representativeness; disclosure risk,Regional population and governance constraints,Active access route and data dictionary,https://borninbradford.nhs.uk/our-data/how-to-access-data/,NOT_YET_ACQUIRED
DS022,Ofcom Children and Parents: Media Use and Attitudes,Media exposure survey,P0,OPEN,DOCUMENT_OR_BULK_RETRIEVAL,Annual; long-running series,Monthly/quarterly incremental harvest after initial backfill,Verify licence/terms; document lawful basis and permitted reuse,Only as permitted by licence/terms; preserve original and derived copies separately,Survey year; age; demographic strata,source version/release; query/filter; retrieval timestamp; licence/approval; file/API response hash; field/codebook version; transformation log,coverage; missingness; duplicates; definition drift; temporal completeness; provenance; dependency; representativeness; disclosure risk,Mostly self-report; not topic-specific exposure logs,Verified 2026-07-25: Ofcom Children Media Use and Attitudes 2026 published 21 May 2026.,https://www.ofcom.org.uk/media-use-and-attitudes/media-habits-children/childrens,NOT_YET_ACQUIRED
DS023,Ofcom Children Online Experiences research programme,Digital exposure/behaviour,P1,MIXED_ACCESS,LICENSED_OR_APPROVED_ACCESS,Current programme,Study-specific,Provider application/licence and project approval; check user eligibility,Only as permitted by licence/terms; preserve original and derived copies separately,Study-specific participant IDs/time,source version/release; query/filter; retrieval timestamp; licence/approval; file/API response hash; field/codebook version; transformation log,coverage; missingness; duplicates; definition drift; temporal completeness; provenance; dependency; representativeness; disclosure risk,Access to raw passive measurement may be restricted; not specifically gender-content coded,2026 synthesis published 21 May 2026,https://www.ofcom.org.uk/online-safety/protecting-children/childrens-online-experiences-research-report,NOT_YET_ACQUIRED
DS024,Google Trends API Alpha,Search behaviour,P1,APPLICATION_API,API,Rolling 5 years in alpha API,Study-specific,"API terms, research eligibility and rate limits; no circumvention",Only as permitted by licence/terms; preserve original and derived copies separately,Query term; time; region,source version/release; query/filter; retrieval timestamp; licence/approval; file/API response hash; field/codebook version; transformation log,coverage; missingness; duplicates; definition drift; temporal completeness; provenance; dependency; representativeness; disclosure risk,Ecological data; search intent ambiguous; alpha access; only rolling 5 years,Verified 2026-07-25: Google Trends API remains alpha/application-based with rolling five-year window.,https://developers.google.com/search/apis/trends,NOT_YET_ACQUIRED
DS025,YouTube Data API,Public platform metadata,P1,PUBLIC_API_LIMITED,API,Platform history subject to API availability,Study-specific,"API terms, research eligibility and rate limits; no circumvention",Only as permitted by licence/terms; preserve original and derived copies separately,Video/channel IDs; publication time; query,source version/release; query/filter; retrieval timestamp; licence/approval; file/API response hash; field/codebook version; transformation log,coverage; missingness; duplicates; definition drift; temporal completeness; provenance; dependency; representativeness; disclosure risk,Recommendation exposure not observed; API quotas; deleted/private content missing,Current API documentation updated 2026,https://developers.google.com/youtube/v3/docs/search/list,NOT_YET_ACQUIRED
DS026,TikTok Research API,Public platform research data,P1,RESTRICTED_RESEARCH_API,API,Platform period available under tool,Study-specific,"API terms, research eligibility and rate limits; no circumvention",Only as permitted by licence/terms; preserve original and derived copies separately,Video/account IDs; timestamps; public metadata,source version/release; query/filter; retrieval timestamp; licence/approval; file/API response hash; field/codebook version; transformation log,coverage; missingness; duplicates; definition drift; temporal completeness; provenance; dependency; representativeness; disclosure risk,Eligibility; public content only; recommendation exposure still not equivalent to observed user exposure,Verified 2026-07-25: TikTok Research Tools available to qualifying UK/European academic/public-interest researchers for public platform data.,https://developers.tiktok.com/products/research-api/,NOT_YET_ACQUIRED
DS027,Reddit Data API,Public/community platform data,P2,RESTRICTED_API,API,Platform history subject to access,Study-specific,"API terms, research eligibility and rate limits; no circumvention",Only as permitted by licence/terms; preserve original and derived copies separately,Post/comment/subreddit IDs; timestamps,source version/release; query/filter; retrieval timestamp; licence/approval; file/API response hash; field/codebook version; transformation log,coverage; missingness; duplicates; definition drift; temporal completeness; provenance; dependency; representativeness; disclosure risk,Access approval uncertain; terms restrict retention/use and AI training without rights,Terms revised 20 Jul 2026; no self-assumed access,https://redditinc.com/policies/data-api-terms,NOT_YET_ACQUIRED
DS028,GDELT 2.0,Global news/media,P1,OPEN,DOCUMENT_OR_BULK_RETRIEVAL,1979+ event products; 2.0 contemporary high-frequency,Monthly/quarterly incremental harvest after initial backfill,Verify licence/terms; document lawful basis and permitted reuse,Only as permitted by licence/terms; preserve original and derived copies separately,Article/event IDs; time; source; location,source version/release; query/filter; retrieval timestamp; licence/approval; file/API response hash; field/codebook version; transformation log,coverage; missingness; duplicates; definition drift; temporal completeness; provenance; dependency; representativeness; disclosure risk,Automated coding/coverage biases; not substitute for full-text licensed corpus,2.0 updates every 15 minutes,https://www.gdeltproject.org/data.html,NOT_YET_ACQUIRED
DS029,UK Government Web Archive,Government historical corpus,P0,OPEN_ARCHIVE,DOCUMENT_OR_BULK_RETRIEVAL,"Mostly 2003 onward, some earlier",Monthly/quarterly incremental harvest after initial backfill,Verify licence/terms; document lawful basis and permitted reuse,Only as permitted by licence/terms; preserve original and derived copies separately,URL; timestamp; host; digest,source version/release; query/filter; retrieval timestamp; licence/approval; file/API response hash; field/codebook version; transformation log,coverage; missingness; duplicates; definition drift; temporal completeness; provenance; dependency; representativeness; disclosure risk,"Capture gaps, dynamic content limitations, third-party copyright",Verified 2026-07-25: UK Government Web Archive provides public historical snapshots and is Memento compliant.,https://www.nationalarchives.gov.uk/webarchive/find-a-website/how-to-find-an-archived-website/,NOT_YET_ACQUIRED
DS030,GOV.UK publications and consultations,Policy/government corpus,P0,OPEN,DOCUMENT_OR_BULK_RETRIEVAL,Historical versions + current,Monthly/quarterly incremental harvest after initial backfill,Verify licence/terms; document lawful basis and permitted reuse,Only as permitted by licence/terms; preserve original and derived copies separately,URL; publication/update date; department,source version/release; query/filter; retrieval timestamp; licence/approval; file/API response hash; field/codebook version; transformation log,coverage; missingness; duplicates; definition drift; temporal completeness; provenance; dependency; representativeness; disclosure risk,Publication dates differ from implementation; must version documents,Current DfE/NHS/DHSC materials available,https://www.gov.uk/,NOT_YET_ACQUIRED
DS031,UK Parliament Hansard,Parliamentary discourse/policy,P1,OPEN,DOCUMENT_OR_BULK_RETRIEVAL,Long historical coverage,Monthly/quarterly incremental harvest after initial backfill,Verify licence/terms; document lawful basis and permitted reuse,Only as permitted by licence/terms; preserve original and derived copies separately,"Member, date, debate/question identifiers",source version/release; query/filter; retrieval timestamp; licence/approval; file/API response hash; field/codebook version; transformation log,coverage; missingness; duplicates; definition drift; temporal completeness; provenance; dependency; representativeness; disclosure risk,Speech is political discourse not evidence of social/clinical mechanism,Current official Hansard portal,https://hansard.parliament.uk/,NOT_YET_ACQUIRED
DS032,legislation.gov.uk,Legal/policy corpus,P1,OPEN,DOCUMENT_OR_BULK_RETRIEVAL,Historical/current,Monthly/quarterly incremental harvest after initial backfill,Verify licence/terms; document lawful basis and permitted reuse,Only as permitted by licence/terms; preserve original and derived copies separately,legislation identifiers; dates,source version/release; query/filter; retrieval timestamp; licence/approval; file/API response hash; field/codebook version; transformation log,coverage; missingness; duplicates; definition drift; temporal completeness; provenance; dependency; representativeness; disclosure risk,Law-on-books may differ from implementation,Official legislation repository,https://www.legislation.gov.uk/,NOT_YET_ACQUIRED
DS033,OpenAlex,Academic meta-research,P0,OPEN_API,API,Large historical scholarly graph,Monthly/quarterly incremental harvest after initial backfill,"API terms, research eligibility and rate limits; no circumvention",Only as permitted by licence/terms; preserve original and derived copies separately,"DOI, PMID, ORCID, ROR, OpenAlex IDs",source version/release; query/filter; retrieval timestamp; licence/approval; file/API response hash; field/codebook version; transformation log,coverage; missingness; duplicates; definition drift; temporal completeness; provenance; dependency; representativeness; disclosure risk,Metadata/coverage/classifier errors; citations not validity,"Verified 2026-07-25: OpenAlex API exposes works, authors, sources, institutions, topics, funders/awards and related entities.",https://developers.openalex.org/,NOT_YET_ACQUIRED
DS034,Crossref REST API,Academic metadata,P0,OPEN_API,API,DOI era + backfiles,Monthly/quarterly incremental harvest after initial backfill,"API terms, research eligibility and rate limits; no circumvention",Only as permitted by licence/terms; preserve original and derived copies separately,DOI; ORCID; ROR; funder IDs,source version/release; query/filter; retrieval timestamp; licence/approval; file/API response hash; field/codebook version; transformation log,coverage; missingness; duplicates; definition drift; temporal completeness; provenance; dependency; representativeness; disclosure risk,Publisher-deposited metadata completeness varies,"Verified 2026-07-25: Crossref REST API is public and provides scholarly, funding, licence, update and integrity metadata.",https://www.crossref.org/documentation/retrieve-metadata/rest-api/,NOT_YET_ACQUIRED
DS035,Europe PMC,Biomedical literature/grants,P0,OPEN_API,API,Historical + current,Study-specific,"API terms, research eligibility and rate limits; no circumvention",Only as permitted by licence/terms; preserve original and derived copies separately,PMID/PMCID/DOI; grant IDs,source version/release; query/filter; retrieval timestamp; licence/approval; file/API response hash; field/codebook version; transformation log,coverage; missingness; duplicates; definition drift; temporal completeness; provenance; dependency; representativeness; disclosure risk,Biomedical focus; full text depends on access,REST literature and grants APIs active,https://europepmc.org/RestfulWebService,NOT_YET_ACQUIRED
DS036,PubMed / NCBI E-utilities,Biomedical literature,P0,OPEN_API,API,Historical + current,Study-specific,"API terms, research eligibility and rate limits; no circumvention",Only as permitted by licence/terms; preserve original and derived copies separately,PMID/DOI; MeSH,source version/release; query/filter; retrieval timestamp; licence/approval; file/API response hash; field/codebook version; transformation log,coverage; missingness; duplicates; definition drift; temporal completeness; provenance; dependency; representativeness; disclosure risk,No universal full text; indexing lag/changes,Active,https://www.ncbi.nlm.nih.gov/books/NBK25501/,NOT_YET_ACQUIRED
DS037,ClinicalTrials.gov,Trial registry,P0,OPEN_API,API,Historical + current,Monthly/quarterly incremental harvest after initial backfill,"API terms, research eligibility and rate limits; no circumvention",Only as permitted by licence/terms; preserve original and derived copies separately,NCT ID; sponsor; dates,source version/release; query/filter; retrieval timestamp; licence/approval; file/API response hash; field/codebook version; transformation log,coverage; missingness; duplicates; definition drift; temporal completeness; provenance; dependency; representativeness; disclosure risk,Not all UK/non-US studies registered; registry completeness varies,Verified 2026-07-25: ClinicalTrials.gov REST API v2 available.,https://clinicaltrials.gov/data-api/api,NOT_YET_ACQUIRED
DS038,ISRCTN Registry,Trial registry,P1,PUBLIC_WEB,DOCUMENT_OR_BULK_RETRIEVAL,Historical/current,Monthly/quarterly incremental harvest after initial backfill,Verify licence/terms; document lawful basis and permitted reuse,Only as permitted by licence/terms; preserve original and derived copies separately,ISRCTN ID; sponsor; dates,source version/release; query/filter; retrieval timestamp; licence/approval; file/API response hash; field/codebook version; transformation log,coverage; missingness; duplicates; definition drift; temporal completeness; provenance; dependency; representativeness; disclosure risk,Programmatic access may require arrangement,Active registry,https://www.isrctn.com/,NOT_YET_ACQUIRED
DS039,WHO ICTRP,Trial registry aggregator,P1,PUBLIC_WEB,DOCUMENT_OR_BULK_RETRIEVAL,Historical/current,Monthly/quarterly incremental harvest after initial backfill,Verify licence/terms; document lawful basis and permitted reuse,Only as permitted by licence/terms; preserve original and derived copies separately,Trial IDs; registry; sponsor,source version/release; query/filter; retrieval timestamp; licence/approval; file/API response hash; field/codebook version; transformation log,coverage; missingness; duplicates; definition drift; temporal completeness; provenance; dependency; representativeness; disclosure risk,Access/bulk conditions; deduplication needed,Active WHO registry platform,https://trialsearch.who.int/,NOT_YET_ACQUIRED
DS040,PROSPERO,Systematic review registry,P1,PUBLIC_WEB,DOCUMENT_OR_BULK_RETRIEVAL,2011+ broadly,Study-specific,Verify licence/terms; document lawful basis and permitted reuse,Only as permitted by licence/terms; preserve original and derived copies separately,CRD ID; authors; dates,source version/release; query/filter; retrieval timestamp; licence/approval; file/API response hash; field/codebook version; transformation log,coverage; missingness; duplicates; definition drift; temporal completeness; provenance; dependency; representativeness; disclosure risk,Not peer review; coverage rules changed over time,Active prospective register,https://www.crd.york.ac.uk/prospero/,NOT_YET_ACQUIRED
DS041,OSF Registries,Preregistration/open science,P1,MIXED_ACCESS,LICENSED_OR_APPROVED_ACCESS,Current/historical OSF,Study-specific,Provider application/licence and project approval; check user eligibility,Only as permitted by licence/terms; preserve original and derived copies separately,OSF registration/project IDs; DOI,source version/release; query/filter; retrieval timestamp; licence/approval; file/API response hash; field/codebook version; transformation log,coverage; missingness; duplicates; definition drift; temporal completeness; provenance; dependency; representativeness; disclosure risk,Private/embargoed registrations unavailable; heterogeneous templates,Active registration infrastructure,https://help.osf.io/article/330-welcome-to-registrations,NOT_YET_ACQUIRED
DS042,UKRI Gateway to Research,Research funding,P0,OPEN_API,API,Historical/current UKRI funding,Monthly/quarterly incremental harvest after initial backfill,"API terms, research eligibility and rate limits; no circumvention",Only as permitted by licence/terms; preserve original and derived copies separately,Project IDs; organisation; investigator; dates,source version/release; query/filter; retrieval timestamp; licence/approval; file/API response hash; field/codebook version; transformation log,coverage; missingness; duplicates; definition drift; temporal completeness; provenance; dependency; representativeness; disclosure risk,UKRI-funded research only; organisation duplicates noted,GtR guide/API current with Apr 2026 update,https://gtr.ukri.org/resources/gtrapi2.html,NOT_YET_ACQUIRED
DS043,Crossref Retraction Watch data,Research integrity,P0,OPEN,DOCUMENT_OR_BULK_RETRIEVAL,Historical/current,Study-specific,Verify licence/terms; document lawful basis and permitted reuse,Only as permitted by licence/terms; preserve original and derived copies separately,DOI/PMID/title/author,source version/release; query/filter; retrieval timestamp; licence/approval; file/API response hash; field/codebook version; transformation log,coverage; missingness; duplicates; definition drift; temporal completeness; provenance; dependency; representativeness; disclosure risk,Retractions are not complete proxy for quality; correction coverage less comprehensive,Production API + working-day-updated CSV,https://www.crossref.org/documentation/retrieve-metadata/retraction-watch/,NOT_YET_ACQUIRED
DS044,Web of Science / Scopus / Dimensions,Academic bibliometrics,P2,LICENSED,LICENSED_OR_APPROVED_ACCESS,Historical/current,Monthly/quarterly incremental harvest after initial backfill,Provider application/licence and project approval; check user eligibility,Only as permitted by licence/terms; preserve original and derived copies separately,DOI; author/institution IDs,source version/release; query/filter; retrieval timestamp; licence/approval; file/API response hash; field/codebook version; transformation log,coverage; missingness; duplicates; definition drift; temporal completeness; provenance; dependency; representativeness; disclosure risk,"Cost, proprietary coverage and licences","Use as paid sensitivity/coverage check, not sole source",https://www.webofscience.com/,NOT_YET_ACQUIRED
DS045,NICE guidance and evidence reviews,Clinical guideline corpus,P0,OPEN_CORPUS,DOCUMENT_OR_BULK_RETRIEVAL,Historical/current,Monthly/quarterly incremental harvest after initial backfill,Verify licence/terms; document lawful basis and permitted reuse,Only as permitted by licence/terms; preserve original and derived copies separately,Guideline IDs; dates; citations,source version/release; query/filter; retrieval timestamp; licence/approval; file/API response hash; field/codebook version; transformation log,coverage; missingness; duplicates; definition drift; temporal completeness; provenance; dependency; representativeness; disclosure risk,Guideline recommendation != causal truth; version control needed,Current NICE website/methods framework,https://www.nice.org.uk/,NOT_YET_ACQUIRED
DS046,NHS England gender-services publication corpus,Clinical policy/service corpus,P0,OPEN_CORPUS,DOCUMENT_OR_BULK_RETRIEVAL,2010s-current plus archives,Monthly/quarterly incremental harvest after initial backfill,Verify licence/terms; document lawful basis and permitted reuse,Only as permitted by licence/terms; preserve original and derived copies separately,Publication date/version; service/provider,source version/release; query/filter; retrieval timestamp; licence/approval; file/API response hash; field/codebook version; transformation log,coverage; missingness; duplicates; definition drift; temporal completeness; provenance; dependency; representativeness; disclosure risk,Policy publication date not same as implementation/exposure,New CYP service specification published 1 Apr 2026,https://www.england.nhs.uk/publication/?filter-category=gender-identity,NOT_YET_ACQUIRED
DS047,NHS adult Gender Dysphoria Clinic public waiting/referral statistics,Service operational,P0,OPEN_AGGREGATE,DOCUMENT_OR_BULK_RETRIEVAL,Varies by clinic; increasingly monthly,Study-specific,Verify licence/terms; document lawful basis and permitted reuse,Only as permitted by licence/terms; preserve original and derived copies separately,Clinic; month; referral cohort,source version/release; query/filter; retrieval timestamp; licence/approval; file/API response hash; field/codebook version; transformation log,coverage; missingness; duplicates; definition drift; temporal completeness; provenance; dependency; representativeness; disclosure risk,Definitions differ by clinic/time; public series incomplete,Multiple clinics publish current 2026 statistics,https://www.northlondonmentalhealth.nhs.uk/service-details/service/gender-identity-clinic-gic-292/,NOT_YET_ACQUIRED
DS048,Cass Review / NHS implementation research programme,Evidence/policy corpus,P0,MIXED_ACCESS,LICENSED_OR_APPROVED_ACCESS,2020-2026,Monthly/quarterly incremental harvest after initial backfill,Provider application/licence and project approval; check user eligibility,Only as permitted by licence/terms; preserve original and derived copies separately,Recommendation/study IDs; citations; dates,source version/release; query/filter; retrieval timestamp; licence/approval; file/API response hash; field/codebook version; transformation log,coverage; missingness; duplicates; definition drift; temporal completeness; provenance; dependency; representativeness; disclosure risk,Review is not a dataset and should not dictate causal coefficients,NHS England continuing research programme and linkage study,https://www.england.nhs.uk/long-read/children-and-young-peoples-gender-services-implementing-the-cass-review-recommendations/,NOT_YET_ACQUIRED
DS049,DSM editions / APA diagnostic manuals,Historical nosology,P0,LICENSED_CORPUS,DOCUMENT_OR_BULK_RETRIEVAL,DSM historical editions,Study-specific,Provider application/licence and project approval; check user eligibility,Only as permitted by licence/terms; preserve original and derived copies separately,Edition; year; diagnosis/criterion identifiers,source version/release; query/filter; retrieval timestamp; licence/approval; file/API response hash; field/codebook version; transformation log,coverage; missingness; duplicates; definition drift; temporal completeness; provenance; dependency; representativeness; disclosure risk,Copyright; edition-specific conceptual context; not patient-level data,Acquire lawful licensed copies for corpus coding,https://www.psychiatry.org/psychiatrists/practice/dsm,NOT_YET_ACQUIRED
DS050,WHO ICD historical/current classifications,Historical nosology,P0,MIXED_ACCESS,LICENSED_OR_APPROVED_ACCESS,Historical through ICD-11,Study-specific,Provider application/licence and project approval; check user eligibility,Only as permitted by licence/terms; preserve original and derived copies separately,ICD code; version; effective date,source version/release; query/filter; retrieval timestamp; licence/approval; file/API response hash; field/codebook version; transformation log,coverage; missingness; duplicates; definition drift; temporal completeness; provenance; dependency; representativeness; disclosure risk,Coding adoption dates vary by country; classification change != patient change,Use edition/version-specific corpus,https://www.who.int/standards/classifications/classification-of-diseases,NOT_YET_ACQUIRED
DS051,Wellcome Collection / medical archives,Historical medicine,P2,ARCHIVE_MIXED,DOCUMENT_OR_BULK_RETRIEVAL,Long historical,Study-specific,Provider application/licence and project approval; check user eligibility,Only as permitted by licence/terms; preserve original and derived copies separately,Catalogue IDs; dates; creators,source version/release; query/filter; retrieval timestamp; licence/approval; file/API response hash; field/codebook version; transformation log,coverage; missingness; duplicates; definition drift; temporal completeness; provenance; dependency; representativeness; disclosure risk,Selection/copyright and incomplete digitisation,Use as qualitative/historical supplement,https://wellcomecollection.org/collections,NOT_YET_ACQUIRED
DS052,British Library / UK Web Archive / newspaper collections,Historical/media corpus,P1,LICENSED_ARCHIVE,DOCUMENT_OR_BULK_RETRIEVAL,Long historical,Monthly/quarterly incremental harvest after initial backfill,Provider application/licence and project approval; check user eligibility,Only as permitted by licence/terms; preserve original and derived copies separately,Publication/date/title/URL,source version/release; query/filter; retrieval timestamp; licence/approval; file/API response hash; field/codebook version; transformation log,coverage; missingness; duplicates; definition drift; temporal completeness; provenance; dependency; representativeness; disclosure risk,"Copyright, access location and digitisation coverage",Plan licensed corpus access through partner institution,https://www.bl.uk/,NOT_YET_ACQUIRED
DS053,Commercial news corpora (LexisNexis / Factiva),Media corpus,P1,LICENSED,LICENSED_OR_APPROVED_ACCESS,Decades,Monthly/quarterly incremental harvest after initial backfill,Provider application/licence and project approval; check user eligibility,Only as permitted by licence/terms; preserve original and derived copies separately,Article IDs; publication/date,source version/release; query/filter; retrieval timestamp; licence/approval; file/API response hash; field/codebook version; transformation log,coverage; missingness; duplicates; definition drift; temporal completeness; provenance; dependency; representativeness; disclosure risk,Cost/licence and database coverage differences,Acquire through university/library partnership if available,https://www.lexisnexis.co.uk/,NOT_YET_ACQUIRED
DS054,DfE RSHE statutory guidance corpus,Education policy,P0,OPEN_CORPUS,DOCUMENT_OR_BULK_RETRIEVAL,"2019-current, archives for prior",Monthly/quarterly incremental harvest after initial backfill,Verify licence/terms; document lawful basis and permitted reuse,Only as permitted by licence/terms; preserve original and derived copies separately,Publication/effective date; section,source version/release; query/filter; retrieval timestamp; licence/approval; file/API response hash; field/codebook version; transformation log,coverage; missingness; duplicates; definition drift; temporal completeness; provenance; dependency; representativeness; disclosure risk,National guidance does not measure school-level implementation,Revised guidance scheduled for introduction 1 Sep 2026,https://www.gov.uk/government/publications/relationships-education-relationships-and-sex-education-rse-and-health-education,NOT_YET_ACQUIRED
DS055,DfE Keeping Children Safe in Education (KCSIE) corpus,Education/safeguarding policy,P0,OPEN_CORPUS,DOCUMENT_OR_BULK_RETRIEVAL,Annual versions,Monthly/quarterly incremental harvest after initial backfill,Verify licence/terms; document lawful basis and permitted reuse,Only as permitted by licence/terms; preserve original and derived copies separately,Version/effective date; section,source version/release; query/filter; retrieval timestamp; licence/approval; file/API response hash; field/codebook version; transformation log,coverage; missingness; duplicates; definition drift; temporal completeness; provenance; dependency; representativeness; disclosure risk,Policy text != implementation; 2026 version not in force until 1 Sep 2026,2026 version published 7 Jul 2026 for future commencement,https://www.gov.uk/government/publications/keeping-children-safe-in-education--2,NOT_YET_ACQUIRED
DS056,School-level policies and curricula,Education implementation,P0,MIXED_ACCESS,LICENSED_OR_APPROVED_ACCESS,Web snapshots/current; variable,Study-specific,Provider application/licence and project approval; check user eligibility,Only as permitted by licence/terms; preserve original and derived copies separately,School/academy trust; date/version; local authority,source version/release; query/filter; retrieval timestamp; licence/approval; file/API response hash; field/codebook version; transformation log,coverage; missingness; duplicates; definition drift; temporal completeness; provenance; dependency; representativeness; disclosure risk,"Highly heterogeneous, missing historical versions, copyright/privacy",Requires purpose-built collection and versioned archive,,NOT_YET_ACQUIRED
DS057,Freedom of Information acquisition programme,Administrative discovery,P1,REQUEST_BASED,FOI_OR_FORMAL_REQUEST,Historical/current,At each official release/approved project refresh,Verify licence/terms; document lawful basis and permitted reuse,Only as permitted by licence/terms; preserve original and derived copies separately,Authority; request ID; date; document metadata,source version/release; query/filter; retrieval timestamp; licence/approval; file/API response hash; field/codebook version; transformation log,coverage; missingness; duplicates; definition drift; temporal completeness; provenance; dependency; representativeness; disclosure risk,"Refusals, cost limits, inconsistent definitions, response bias",Use only where existing open/admin sources insufficient,https://www.gov.uk/make-a-freedom-of-information-request,NOT_YET_ACQUIRED
DS058,Professional-body guideline corpus,Professional practice,P0,MIXED_ACCESS,LICENSED_OR_APPROVED_ACCESS,Historical/current,Study-specific,Provider application/licence and project approval; check user eligibility,Only as permitted by licence/terms; preserve original and derived copies separately,Organisation; version; date; citation lineage,source version/release; query/filter; retrieval timestamp; licence/approval; file/API response hash; field/codebook version; transformation log,coverage; missingness; duplicates; definition drift; temporal completeness; provenance; dependency; representativeness; disclosure risk,Availability/copyright; public statement not identical to practice,Build versioned corpus across relevant organisations,,NOT_YET_ACQUIRED
DS059,ORCID + ROR,Identity/institution metadata,P1,OPEN_API,API,Current/history where recorded,Study-specific,"API terms, research eligibility and rate limits; no circumvention",Only as permitted by licence/terms; preserve original and derived copies separately,ORCID; ROR,source version/release; query/filter; retrieval timestamp; licence/approval; file/API response hash; field/codebook version; transformation log,coverage; missingness; duplicates; definition drift; temporal completeness; provenance; dependency; representativeness; disclosure risk,Coverage incomplete; affiliation dates may be partial,Use as entity-resolution layer,https://ror.org/,NOT_YET_ACQUIRED
DS060,Internet Archive / Wayback Machine,Web historical corpus,P2,OPEN_ARCHIVE,DOCUMENT_OR_BULK_RETRIEVAL,1990s-current,Monthly/quarterly incremental harvest after initial backfill,Verify licence/terms; document lawful basis and permitted reuse,Only as permitted by licence/terms; preserve original and derived copies separately,URL; capture timestamp,source version/release; query/filter; retrieval timestamp; licence/approval; file/API response hash; field/codebook version; transformation log,coverage; missingness; duplicates; definition drift; temporal completeness; provenance; dependency; representativeness; disclosure risk,Capture gaps; rights; robots exclusions; authenticity/version checks needed,Supplement UKGWA and institutional archives,https://archive.org/web/,NOT_YET_ACQUIRED
DS061,NHS CYP Gender Service core national dataset (future/operational),Prospective clinical research,P0,RESTRICTED_TRE,CODE_TO_DATA_OR_CONTROLLED_EXPORT,New service era from 2024/2026 onward,Study-specific,Institutional sponsorship/public-benefit project; researcher accreditation/training as required; data-owner/DAC approval; ethics where applicable,NO: raw person-level data remain in approved secure environment; export only disclosure-checked results,NHS number/pseudonymous patient; service; dates,source version/release; query/filter; retrieval timestamp; licence/approval; file/API response hash; field/codebook version; transformation log,coverage; missingness; duplicates; definition drift; temporal completeness; provenance; dependency; representativeness; disclosure risk,Availability to external OSLT project not guaranteed; exact data dictionary must be obtained,Cass implementation commits to core national dataset and research infrastructure,https://www.england.nhs.uk/long-read/children-and-young-peoples-gender-services-implementing-the-cass-review-recommendations/,NOT_YET_ACQUIRED
DS062,Historical GIDS records / NHS England linked follow-up study,Historical clinical linkage,P0,RESTRICTED_STUDY,CODE_TO_DATA_OR_CONTROLLED_EXPORT,Historical GIDS cohorts,Study-specific,Institutional sponsorship/public-benefit project; researcher accreditation/training as required; data-owner/DAC approval; ethics where applicable,NO: raw person-level data remain in approved secure environment; export only disclosure-checked results,NHS number including authorised linkage across number change; dates,source version/release; query/filter; retrieval timestamp; licence/approval; file/API response hash; field/codebook version; transformation log,coverage; missingness; duplicates; definition drift; temporal completeness; provenance; dependency; representativeness; disclosure risk,Access depends on study governance; selection/missing follow-up; cannot assume availability,NHS England states responsibility for completing linkage study,https://www.england.nhs.uk/long-read/children-and-young-peoples-gender-services-implementing-the-cass-review-recommendations/,NOT_YET_ACQUIRED
DS063,Local authority / ICB / provider policy and commissioning archives,Institutional/service,P1,MIXED_ACCESS,LICENSED_OR_APPROVED_ACCESS,Historical/current,Monthly/quarterly incremental harvest after initial backfill,Provider application/licence and project approval; check user eligibility,Only as permitted by licence/terms; preserve original and derived copies separately,Organisation; geography; date/version,source version/release; query/filter; retrieval timestamp; licence/approval; file/API response hash; field/codebook version; transformation log,coverage; missingness; duplicates; definition drift; temporal completeness; provenance; dependency; representativeness; disclosure risk,Inconsistent documentation and boundary changes,Purpose-built collection required,,NOT_YET_ACQUIRED
DS064,Researcher-authored primary qualitative corpus,Qualitative/narrative,P0,PRIMARY_RESEARCH,CONSENTED_PRIMARY_COLLECTION,Prospective,Study-specific,Research ethics approval; participant information/consent; DPIA/data-management plan where required,Only into approved research environment; direct identifiers separated; minimise and pseudonymise,Participant pseudonym; interview time; cohort linkage where consented,source version/release; query/filter; retrieval timestamp; licence/approval; file/API response hash; field/codebook version; transformation log,coverage; missingness; duplicates; definition drift; temporal completeness; provenance; dependency; representativeness; disclosure risk,Requires consent/ethics; interpretive outputs cannot self-establish causality,Design after secondary-data gap analysis,,NOT_YET_ACQUIRED
DS065,Preregistered experimental vignette / framing studies,Experimental,P0,PRIMARY_RESEARCH,CONSENTED_PRIMARY_COLLECTION,Prospective,Study-specific,Research ethics approval; participant information/consent; DPIA/data-management plan where required,Only into approved research environment; direct identifiers separated; minimise and pseudonymise,Randomisation ID; arm; outcome; participant covariates,source version/release; query/filter; retrieval timestamp; licence/approval; file/API response hash; field/codebook version; transformation log,coverage; missingness; duplicates; definition drift; temporal completeness; provenance; dependency; representativeness; disclosure risk,External validity; ethical limits; cannot randomise harmful clinical care or children without strong justification,Design after observational hypotheses are specified,,NOT_YET_ACQUIRED
